Group name;League ID;Description;Session ID;Types;Session end (Local timezone);Session end date (Local timezone);Session end date (UTC);Session end time (Local timezone);Session end time (UTC);Session end (UTC);Session begin (Local timezone);Session begin date (Local timezone);Session begin date (UTC);Session begin time (Local timezone);Session begin time (UTC);Session begin (UTC);Distance (m);Distance (speed | very slow) (m);Distance (speed | slow) (m);Distance (speed | moderate) (m);Distance (speed | fast) (m);Distance (speed | very fast) (m);Distance (speed | sprint) (m);Distance / min (m);Distance / min (speed | very slow) (m);Distance / min (speed | slow) (m);Distance / min (speed | moderate) (m);Distance / min (speed | fast) (m);Distance / min (speed | very fast) (m);Distance / min (speed | sprint) (m);Duration (s);Position;Speed (Ø) (km/h);Speed (max.) (km/h);Speed (% of max.) (%);Time on Ice (s);Time (s);Time (speed | very slow) (s);Time (speed | slow) (s);Time (speed | moderate) (s);Time (speed | fast) (s);Time (speed | very fast) (s);Time (speed | sprint) (s);Accumulated Acceleration Load;Acceleration Load (load | very low);Acceleration Load (load | low);Acceleration Load (load | medium);Acceleration Load (load | high);Acceleration Load (load | very high);Acceleration Load (load | near max);Acceleration Load (load | max);Accumulated Acceleration Load / min;Acceleration Load / min;Acceleration Load (max.);Acceleration Load (time | high) (s);Acceleration Load (time | low) (s);Acceleration Load (time | max) (s);Acceleration Load (time | medium) (s);Acceleration Load (time | near max) (s);Acceleration Load (time | very high) (s);Acceleration Load (time | very low) (s);Acceleration (max.) (m/s²);Deceleration (max.) (m/s²);Anaerobic Activity (distance) (m);Anaerobic Activity (time) (s);High Speed and Acceleration Distance (m);High Speed and Acceleration Distance / min (m);High Metabolic Power Distance (m);High Metabolic Power Distance / min (m);High Speed and Acceleration Time (s);Accels Load;Accel 1;Accel 2;Accel 3;Accel 4;Accels Load / min;Accel 1 / min;Accel 2 / min;Accel 3 / min;Accel 4 / min;Decels Load;Decel 1;Decel 2;Decel 3;Decel 4;Decels Load / min;Decel 1 / min;Decel 2 / min;Decel 3 / min;Decel 4 / min;Mechanical Intensity;Mechanical Intensity (def.);Mechanical Intensity (off.);Mechanical Load;Mechanical Load (def.);Mechanical Load (off.);Metabolic Power (Ø) (W);Metabolic Power (max.) (W);Metabolic Power per mass (Ø) (W/kg);Metabolic Power per mass (max.) (W/kg);Metabolic Power (time | high) (s);Metabolic Power (time | low) (s);Metabolic Power (time | medium) (s);Metabolic Power (time | very high) (s);Metabolic Power (time | very low) (s);Metabolic Work (kcal);Metabolic Work / min (kcal);Physio Intensity;Physio Load;Heart Rate Recoveries;Heart Rate Recoveries / min;Heart Rate (Ø) (bpm);Heart Rate (max.) (bpm);Heart Rate (min.) (bpm);Heart rate (% of max.) (%);Heart Rate (% of HRR) (%);Heart Rate (time | 0 - 50%) (s);Heart Rate (time | 50 - 60%) (s);Heart Rate (time | 60 - 70%) (s);Heart Rate (time | 70 - 80%) (s);Heart Rate (time | 80 - 90%) (s);Heart Rate (time | ? 90%) (s);Human Core Temperature (Ø) (°C);Human Core Temperature (max.) (°C);Activation Gluteus (total);Activation Hamstrings (total);Muscle Load (total);Activation Quadrizeps (total);TRIMP;Accelerations;Accelerations (low);Accelerations (medium);Accelerations (high);Accelerations (very high);Accelerations (near max);Accelerations (max);Accelerations / min;Accelerations / min (low);Accelerations / min (medium);Accelerations / min (high);Accelerations / min (very high);Accelerations / min (near max);Accelerations / min (max);Changes of Direction;Changes of Direction (left);Changes of Direction (right);Changes of Direction / min;Changes of Direction / min (left);Changes of Direction / min (right);Changes of Orientation;Changes of Orientation / min;Changes of Pace;Changes of Pace (low);Changes of Pace (medium);Changes of Pace (high);Changes of Pace (very high);Changes of Pace / min;Changes of Pace / min (low);Changes of Pace / min (medium);Changes of Pace / min (high);Changes of Pace / min (very high);Decelerations;Decelerations (low);Decelerations (medium);Decelerations (high);Decelerations (very high);Decelerations / min;Decelerations / min (low);Decelerations / min (medium);Decelerations / min (high);Decelerations / min (very high);Down on Pads;Down on Pads / min;Exertions;Exertions (low);Exertions (medium);Exertions (high);Exertions (very high);Exertions / min;Exertions / min (low);Exertions / min (medium);Exertions / min (high);Exertions / min (very high);Impacts;Impacts / min;Shifts;Shifts / min;Skating Transitions;Skating Transitions (left);Skating Transitions (right);Skating Transitions / min;Skating Transitions / min (left);Skating Transitions / min (right);Speed Zone Entries;Speed Zone Entries (very slow);Speed Zone Entries (slow);Speed Zone Entries (moderate);Speed Zone Entries (fast);Speed Zone Entries (very fast);Speed Zone Entries (sprint);Speed Zone Entries / min;Speed Zone Entries / min (very slow);Speed Zone Entries / min (slow);Speed Zone Entries / min (moderate);Speed Zone Entries / min (fast);Speed Zone Entries / min (very fast);Speed Zone Entries / min (sprint);Sprints;Sprints (low);Sprints (medium);Sprints (high);Sprints (very high);Sprints (near max);Sprints / min;Sprints / min (low);Sprints / min (medium);Sprints / min (high);Sprints / min (very high);Sprints / min (near max);Turns;Sharp Turns;Wide Turns;Turns / min;Sharp Turns / min;Wide Turns / min
Defense;;vs Lugano;194;Match;16.11.2022 22:09:47;16.11.2022;16.11.2022;22:09:47;21:09:47;16.11.2022 21:09:47;16.11.2022 19:42:31;16.11.2022;16.11.2022;19:42:31;18:42:31;16.11.2022 18:42:31;3163;808;582;701;643;286;144;183;47;34;41;37;17;8;8836;D;10,97;28,83;58;1038;1038;494;171;174;130;48;22;185,52;24,27;36,78;37,86;24,05;21,77;16,46;24,33;10,73;1,78;7,82;117;265;70;220;60;87;218;4,43;-6,02;109;34;947;55;1287;74;232;533,23;174,51;158,36;178,3;22,06;30,83;10,09;9,16;10,31;1,28;261,41;68,55;61,2;96,28;35,39;15,11;3,96;3,54;5,57;2,05;45,94;;;794,65;0;0;337,43;1780,9;3,67;19,36;167;331;260;94;186;84,44;4,88;39,2;677,6;0;0;;;;0;0;;;;;;;;;;;;;0;90;82;7;1;0;0;0;5,2;4,74;0,4;0,06;0;0;0;30;12;18;1,73;0,69;1,04;9;0,52;39;39;0;0;0;2,25;2,25;0;0;0;98;17;21;22;38;5,67;0,98;1,21;1,27;2,2;0;0;24;0;0;0;24;1,39;0;0;0;1,39;5;0,29;26;1,5;71;44;27;4,1;2,54;1,56;151;0;27;52;43;14;15;8,73;0;1,56;3,01;2,49;0,81;0,87;16;9;6;1;0;0;0,92;0,52;0,35;0,06;0;0;33;10;23;1,91;0,58;1,33
Offense;;vs Lugano;194;Match;16.11.2022 22:09:47;16.11.2022;16.11.2022;22:09:47;21:09:47;16.11.2022 21:09:47;16.11.2022 19:42:31;16.11.2022;16.11.2022;19:42:31;18:42:31;16.11.2022 18:42:31;2881;285;258;337;833;638;531;251;25;22;29;72;56;46;8836;F;15,05;32,02;64;689;689;188;75;80;164;107;75;136,39;11,08;19,19;26,06;29,89;21,84;16,27;12,06;11,87;2,01;6,17;132;126;41;134;58;93;105;3,64;-7,35;66;13;1586;138;1724;150;287;331,54;110,91;113,3;105,64;1,7;28,86;9,66;9,86;9,2;0,15;160,68;49,95;40,26;51,14;19,33;13,99;4,35;3,5;4,45;1,68;42,85;;;492,22;0;0;436,3;1511,09;4,85;16,79;192;130;173;106;87;71,52;6,23;52,6;603,8;0;0;;;;0;0;;;;;;;;;;;;;0;60;60;0;0;0;0;0;5,22;5,22;0;0;0;0;0;14;7;7;1,22;0,61;0,61;3;0,26;18;18;0;0;0;1,57;1,57;0;0;0;51;10;14;5;22;4,44;0,87;1,22;0,44;1,92;0;0;12;0;0;0;12;1,04;0;0;0;1,04;0;0;18;1,57;35;16;19;3,05;1,39;1,65;93;0;10;10;26;20;27;8,1;0;0,87;0,87;2,26;1,74;2,35;41;19;12;8;2;0;3,57;1,65;1,04;0,7;0,17;0;56;9;47;4,88;0,78;4,09
Offense;;vs Lugano;194;Match;16.11.2022 22:09:47;16.11.2022;16.11.2022;22:09:47;21:09:47;16.11.2022 21:09:47;16.11.2022 19:42:31;16.11.2022;16.11.2022;19:42:31;18:42:31;16.11.2022 18:42:31;3586;594;280;520;878;683;632;231;38;18;33;56;44;41;8836;F;13,85;33,77;68;932;932;353;81;124;172;113;89;183,43;14,29;24,28;35,59;36,14;34,4;23,11;15,6;11,8;1,98;6,74;156;165;49;194;82;139;146;4,35;-6,68;76;20;1903;122;2090;134;360;489,61;150,1;183,03;147,27;9,21;31,51;9,66;11,78;9,48;0,59;227;64,3;51,01;64,77;46,91;14,61;4,14;3,28;4,17;3,02;46,12;;;716,61;0;0;398,67;1772,83;4,58;20,38;230;245;199;142;116;88,36;5,69;46,8;726,6;0;0;;;;0;0;;;;;;;;;;;;;0;87;82;4;1;0;0;0;5,6;5,28;0,26;0,06;0;0;0;11;5;6;0,71;0,32;0,39;7;0,45;30;30;0;0;0;1,93;1,93;0;0;0;73;10;7;15;41;4,7;0,64;0,45;0,97;2,64;0;0;20;0;0;0;20;1,29;0;0;0;1,29;3;0,19;23;1,48;54;29;25;3,48;1,87;1,61;124;0;11;24;37;26;26;7,98;0;0,71;1,54;2,38;1,67;1,67;39;21;9;5;4;0;2,51;1,35;0,58;0,32;0,26;0;48;6;42;3,09;0,39;2,7
Offense;;vs Lugano;194;Match;16.11.2022 22:09:47;16.11.2022;16.11.2022;22:09:47;21:09:47;16.11.2022 21:09:47;16.11.2022 19:42:31;16.11.2022;16.11.2022;19:42:31;18:42:31;16.11.2022 18:42:31;3881;670;505;767;873;525;541;223;39;29;44;50;30;31;8836;F;13,39;31,4;63;1043;1043;379;147;180;170;88;80;212,37;19,54;29,41;33,7;35,24;33,78;22,43;38,28;12,21;2,03;10,62;160;204;108;179;79;124;189;4,14;-7,11;219;57;1685;97;1956;113;333;521,88;168,28;173,6;169,57;10,42;30,01;9,68;9,98;9,75;0,6;249,74;77,05;60,01;76,68;36;14,36;4,43;3,45;4,41;2,07;44,38;;;771,62;0;0;356,99;1655,96;4,35;20,19;217;281;280;136;129;88,87;5,11;42,6;741,1;0;0;;;;0;0;;;;;;;;;;;;;0;86;81;5;0;0;0;0;4,95;4,66;0,29;0;0;0;0;23;17;6;1,32;0,98;0,35;20;1,15;34;34;0;0;0;1,96;1,96;0;0;0;83;16;13;18;36;4,77;0,92;0,75;1,04;2,07;0;0;36;0;0;0;36;2,07;0;0;0;2,07;10;0,58;21;1,21;70;32;38;4,03;1,84;2,19;151;0;27;24;47;22;31;8,68;0;1,55;1,38;2,7;1,27;1,78;42;18;15;7;2;0;2,42;1,04;0,86;0,4;0,12;0;58;12;46;3,34;0,69;2,65
Defense;;vs Lugano;194;Match;16.11.2022 22:09:47;16.11.2022;16.11.2022;22:09:47;21:09:47;16.11.2022 21:09:47;16.11.2022 19:42:31;16.11.2022;16.11.2022;19:42:31;18:42:31;16.11.2022 18:42:31;354;63;30;37;90;86;47;231;41;20;24;59;56;31;8836;D;13,85;27,38;55;92;92;35;10;9;17;14;7;17,1;1,73;1,97;2,53;3,38;2,36;2,17;2,95;11,16;1,89;4,89;15;13;9;14;8;8;24;3,49;-4,98;8;2;201;131;179;117;35;47,41;10,65;14,09;22,67;0;30,95;6,95;9,2;14,8;0;21,44;5,45;6;6,6;3,39;14;3,56;3,92;4,31;2,22;44,95;;;68,85;0;0;345,6;1459,4;4,73;19,99;18;28;17;17;13;7,17;4,68;39,2;60,1;0;0;;;;0;0;;;;;;;;;;;;;0;9;8;1;0;0;0;0;5,88;5,22;0,65;0;0;0;0;3;1;2;1,96;0,65;1,31;1;0,65;3;3;0;0;0;1,96;1,96;0;0;0;8;2;0;1;5;5,22;1,31;0;0,65;3,26;0;0;2;0;0;0;2;1,31;0;0;0;1,31;1;0,65;2;1,31;8;3;5;5,22;1,96;3,26;15;0;3;2;2;5;3;9,79;0;1,96;1,31;1,31;3,26;1,96;5;2;3;0;0;0;3,26;1,31;1,96;0;0;0;2;0;2;1,31;0;1,31
Defense;;vs Lugano;194;Match;16.11.2022 22:09:47;16.11.2022;16.11.2022;22:09:47;21:09:47;16.11.2022 21:09:47;16.11.2022 19:42:31;16.11.2022;16.11.2022;19:42:31;18:42:31;16.11.2022 18:42:31;5087;846;657;908;1366;758;552;224;37;29;40;60;33;24;8836;D;13,47;30,83;62;1360;1360;479;192;218;264;126;81;213,79;35,02;40,61;45,81;35,71;22,88;14,29;19,47;9,43;1,56;6,61;173;296;59;258;53;92;428;3,98;-6,34;168;32;2030;90;2501;110;394;636,53;211,6;235,72;183,15;6,06;28,08;9,34;10,4;8,08;0,27;298,86;108,87;74,41;88,01;27,58;13,19;4,8;3,28;3,88;1,22;41,27;;;935,39;0;0;416,75;1741,18;4,25;17,77;296;395;362;159;148;135,38;5,97;51,2;1160,9;0;0;;;;0;0;;;;;;;;;;;;;0;108;104;4;0;0;0;0;4,76;4,59;0,18;0;0;0;0;19;8;11;0,84;0,35;0,49;9;0,4;33;33;0;0;0;1,46;1,46;0;0;0;83;15;18;20;30;3,66;0,66;0,79;0,88;1,32;0;0;26;0;0;0;26;1,15;0;0;0;1,15;1;0,04;31;1,37;127;85;42;5,6;3,75;1,85;191;0;25;39;51;35;41;8,43;0;1,1;1,72;2,25;1,54;1,81;53;24;19;10;0;0;2,34;1,06;0,84;0,44;0;0;60;6;54;2,65;0,26;2,38
Goalies;;vs Lugano;194;Match;16.11.2022 22:09:47;16.11.2022;16.11.2022;22:09:47;21:09:47;16.11.2022 21:09:47;16.11.2022 19:42:31;16.11.2022;16.11.2022;19:42:31;18:42:31;16.11.2022 18:42:31;1066;1038;28;0;0;0;0;16;16;0;0;0;0;0;8836;Goalkeeper;0,96;12,99;26;4007;4007;3998;9;0;0;0;0;195,86;114,64;45,04;20,4;8,33;4,31;2,32;0,82;2,93;0,49;4,36;49;512;4;160;11;22;3249;3,11;-3,39;1;1;25;0;7;0;22;847,63;620,03;178,27;49,33;0;12,69;9,28;2,67;0,74;0;440,25;340,13;79,29;20,84;0;6,59;5,09;1,19;0,31;0;19,29;;;1287,88;0;0;32,3;803,57;0,38;9,45;4;298;28;0;3677;30,97;0,46;3,2;211;0;0;;;;0;0;;;;;;;;;;;;;0;8;8;0;0;0;0;0;0,12;0,12;0;0;0;0;0;0;0;0;0;0;0;1;0,01;0;0;0;0;0;0;0;0;0;0;1;1;0;0;0;0,01;0,01;0;0;0;42;0,63;1;0;0;0;1;0,01;0;0;0;0,01;0;0;4;0,06;1;1;0;0,01;0,01;0;7;0;7;0;0;0;0;0,1;0;0,1;0;0;0;0;0;0;0;0;0;0;0;0;0;0;0;0;3;2;1;0,04;0,03;0,01
Offense;;vs Lugano;194;Match;16.11.2022 22:09:47;16.11.2022;16.11.2022;22:09:47;21:09:47;16.11.2022 21:09:47;16.11.2022 19:42:31;16.11.2022;16.11.2022;19:42:31;18:42:31;16.11.2022 18:42:31;4683;629;434;647;1217;819;936;242;32;22;33;63;42;48;8836;F;14,51;32,46;65;1162;1162;379;126;152;234;139;133;209,38;20,18;36,36;47,04;49,19;33,03;16,35;7,24;10,81;1,81;5,96;227;254;25;259;62;137;198;3,91;-7,08;33;10;2574;133;2758;142;484;587,97;196,65;212,3;164,48;14,55;30,36;10,16;10,96;8,49;0,75;274,98;81,04;55,73;96,28;41,94;14,2;4,18;2,88;4,97;2,17;44,56;;;862,95;0;0;355,52;1379,97;4,74;18,4;295;249;286;184;147;98,53;5,09;42,2;817,9;0;0;;;;0;0;;;;;;;;;;;;;0;91;85;6;0;0;0;0;4,7;4,39;0,31;0;0;0;0;19;11;8;0,98;0,57;0,41;4;0,21;32;32;0;0;0;1,65;1,65;0;0;0;96;15;16;22;43;4,96;0,77;0,83;1,14;2,22;0;0;8;0;0;0;8;0,41;0;0;0;0,41;1;0,05;23;1,19;49;22;27;2,53;1,14;1,39;168;0;26;26;36;36;44;8,68;0;1,34;1,34;1,86;1,86;2,27;60;23;19;16;2;0;3,1;1,19;0,98;0,83;0,1;0;74;16;58;3,82;0,83;3
Offense;;vs Lugano;194;Match;16.11.2022 22:09:47;16.11.2022;16.11.2022;22:09:47;21:09:47;16.11.2022 21:09:47;16.11.2022 19:42:31;16.11.2022;16.11.2022;19:42:31;18:42:31;16.11.2022 18:42:31;4009;707;527;563;1079;631;502;194;34;26;27;52;31;24;8836;F;11,65;33,51;67;1239;1239;553;157;137;211;107;73;255,01;18,45;26,25;33,37;35,86;36,34;29,65;75,09;12,35;2,07;9,1;151;171;197;171;94;135;319;4,16;-6,54;489;120;1812;88;2066;100;353;536,7;194,68;177,85;152,78;11,39;26;9,43;8,62;7,4;0,55;260,56;80,48;59,5;73,92;46,67;12,62;3,9;2,88;3,58;2,26;38,62;;;797,27;0;0;349,89;1826,68;3,84;20,07;248;282;293;133;283;101,64;4,92;41,2;849,5;0;0;;;;0;0;;;;;;;;;;;;;0;93;87;6;0;0;0;0;4,51;4,21;0,29;0;0;0;0;20;10;10;0,97;0,48;0,48;37;1,79;28;28;0;0;0;1,36;1,36;0;0;0;86;21;12;15;38;4,17;1,02;0,58;0,73;1,84;0;0;65;0;0;0;65;3,15;0;0;0;3,15;13;0,63;21;1,02;106;75;31;5,13;3,63;1,5;156;0;34;25;35;37;25;7,56;0;1,65;1,21;1,7;1,79;1,21;32;9;13;6;4;0;1,55;0,44;0,63;0,29;0,19;0;61;8;53;2,95;0,39;2,57
Defense;;vs Lugano;194;Match;16.11.2022 22:09:47;16.11.2022;16.11.2022;22:09:47;21:09:47;16.11.2022 21:09:47;16.11.2022 19:42:31;16.11.2022;16.11.2022;19:42:31;18:42:31;16.11.2022 18:42:31;4383;987;713;832;1115;452;285;201;45;33;38;51;21;13;8836;D;12,08;34,24;68;1307;1307;560;210;200;218;77;42;230,44;28,76;45,7;45,48;43,7;31,33;20,23;15,24;10,58;1,76;7,48;207;319;49;266;69;134;262;3,61;-6,48;75;21;1479;68;1913;88;327;663,82;211,13;237,66;213,57;1,45;30,48;9,69;10,91;9,81;0,07;321,71;91,01;81,8;117,76;31,15;14,77;4,18;3,76;5,41;1,43;45,25;;;985,54;0;0;359,31;1573,95;3,91;17,11;236;404;358;128;180;112,01;5,14;43,1;939,1;0;0;;;;0;0;;;;;;;;;;;;;0;117;111;6;0;0;0;0;5,37;5,1;0,28;0;0;0;0;24;14;10;1,1;0,64;0,46;6;0,28;37;37;0;0;0;1,7;1,7;0;0;0;113;16;32;25;40;5,19;0,73;1,47;1,15;1,84;0;0;19;0;0;0;19;0,87;0;0;0;0,87;5;0,23;26;1,19;106;53;53;4,87;2,43;2,43;177;0;32;44;47;31;23;8,13;0;1,47;2,02;2,16;1,42;1,06;30;16;11;2;1;0;1,38;0,73;0,51;0,09;0,05;0;64;12;52;2,94;0,55;2,39
Offense;;vs Lugano;194;Match;16.11.2022 22:09:47;16.11.2022;16.11.2022;22:09:47;21:09:47;16.11.2022 21:09:47;16.11.2022 19:42:31;16.11.2022;16.11.2022;19:42:31;18:42:31;16.11.2022 18:42:31;4935;417;366;568;1287;1217;1080;277;23;21;32;72;68;61;8836;F;16,6;32,87;66;1070;1070;232;104;134;246;201;155;231,85;12,24;27,41;40,27;44,84;43,06;27,75;36,28;12,99;2,17;8,39;195;186;106;210;91;166;115;4,16;-6,59;234;51;3104;174;3228;181;550;529,64;195,59;202,78;124;7,27;29,69;10,96;11,37;6,95;0,41;248,73;73,62;52,23;87,13;35,76;13,94;4,13;2,93;4,88;2;43,63;;;778,38;0;0;437,5;2034,4;5,27;24,51;353;186;257;195;79;111,75;6,26;53,5;953,9;0;0;;;;0;0;;;;;;;;;;;;;0;81;75;5;1;0;0;0;4,54;4,2;0,28;0,06;0;0;0;30;11;19;1,68;0,62;1,06;15;0,84;20;20;0;0;0;1,12;1,12;0;0;0;81;10;14;22;35;4,54;0,56;0,78;1,23;1,96;0;0;40;0;0;0;40;2,24;0;0;0;2,24;4;0,22;24;1,35;47;24;23;2,63;1,35;1,29;161;0;17;17;30;39;58;9,02;0;0,95;0,95;1,68;2,19;3,25;73;28;32;9;4;0;4,09;1,57;1,79;0,5;0,22;0;74;9;65;4,15;0,5;3,64
Defense;;vs Lugano;194;Match;16.11.2022 22:09:47;16.11.2022;16.11.2022;22:09:47;21:09:47;16.11.2022 21:09:47;16.11.2022 19:42:31;16.11.2022;16.11.2022;19:42:31;18:42:31;16.11.2022 18:42:31;4771;1033;848;1055;1127;416;292;205;44;36;45;48;18;13;8836;D;12,3;31,66;63;1396;1396;530;253;278;224;75;36;194,89;43,74;47,66;42,3;26,8;19,78;9,63;4,98;8,38;1,37;10,04;132;369;16;266;38;80;495;4,35;-5,49;24;8;1170;50;1499;64;206;469,43;194,62;152,03;110,43;12,36;20,18;8,37;6,53;4,75;0,53;212,96;89,13;50,21;56,77;16,85;9,15;3,83;2,16;2,44;0,72;29,33;;;682,39;0;0;350,05;1871,57;3,93;21,03;238;482;445;113;117;110,36;4,74;42,5;988,8;0;0;;;;0;0;;;;;;;;;;;;;0;53;49;4;0;0;0;0;2,28;2,11;0,17;0;0;0;0;19;9;10;0,82;0,39;0,43;5;0,21;18;18;0;0;0;0,77;0,77;0;0;0;53;10;12;9;22;2,28;0,43;0,52;0,39;0,95;0;0;9;0;0;0;9;0,39;0;0;0;0,39;2;0,09;29;1,25;78;48;30;3,35;2,06;1,29;169;0;31;58;45;25;10;7,26;0;1,33;2,49;1,93;1,07;0,43;20;7;9;3;1;0;0,86;0,3;0,39;0,13;0,04;0;53;10;43;2,28;0,43;1,85
Defense;;vs Lugano;194;Match;16.11.2022 22:09:47;16.11.2022;16.11.2022;22:09:47;21:09:47;16.11.2022 21:09:47;16.11.2022 19:42:31;16.11.2022;16.11.2022;19:42:31;18:42:31;16.11.2022 18:42:31;3498;620;468;552;847;512;500;224;40;30;35;54;33;32;8836;F;13,46;32,51;65;936;936;340;136;135;167;85;73;155,15;22,77;32,38;33,04;25,82;19,1;12,95;9,09;9,95;1,63;6,09;128;237;29;188;46;77;231;3,94;-5,76;41;11;1548;99;1689;108;295;480,4;139,98;165,81;161,03;13,58;30,81;8,98;10,63;10,33;0,87;226,35;66,93;61,44;65,98;32;14,52;4,29;3,94;4,23;2,05;45,32;;;706,75;0;0;352,98;1801,29;4,47;22,8;178;264;249;134;110;77,56;4,97;41,3;643,6;0;0;;;;0;0;;;;;;;;;;;;;0;72;65;7;0;0;0;0;4,62;4,17;0,45;0;0;0;0;23;13;10;1,48;0,83;0,64;7;0,45;25;24;1;0;0;1,6;1,54;0,06;0;0;66;13;10;15;28;4,23;0,83;0,64;0,96;1,8;0;0;10;0;0;0;10;0,64;0;0;0;0,64;4;0,26;17;1,09;75;27;48;4,81;1,73;3,08;149;0;21;29;30;29;40;9,56;0;1,35;1,86;1,92;1,86;2,57;39;12;17;9;1;0;2,5;0,77;1,09;0,58;0,06;0;63;17;46;4,04;1,09;2,95
Offense;;vs Lugano;194;Match;16.11.2022 22:09:47;16.11.2022;16.11.2022;22:09:47;21:09:47;16.11.2022 21:09:47;16.11.2022 19:42:31;16.11.2022;16.11.2022;19:42:31;18:42:31;16.11.2022 18:42:31;21;7;3;11;0;0;0;132;45;20;67;0;0;0;8836;F;7,92;15,27;31;9;9;6;1;2;0;0;0;0,64;0,47;0,09;0,08;0;0;0;0;4,06;0,66;1,56;0;2;0;0;0;0;7;-0,03;-1,75;0;0;0;0;0;0;0;0;0;0;0;0;0;0;0;0;0;2,02;0,87;1,15;0;0;12,84;5,53;7,31;0;0;12,84;;;2,02;0;0;157,98;319,99;1,86;3,76;0;6;1;0;2;0,2;1,24;26,1;4,1;0;0;;;;0;0;;;;;;;;;;;;;0;0;0;0;0;0;0;0;0;0;0;0;0;0;0;0;0;0;0;0;0;0;0;0;0;0;0;0;0;0;0;0;0;1;1;0;0;0;6,35;6,35;0;0;0;0;0;0;0;0;0;0;0;0;0;0;0;0;0;0;0;0;0;0;0;0;0;1;0;0;1;0;0;0;6,35;0;0;6,35;0;0;0;0;0;0;0;0;0;0;0;0;0;0;0;0;0;0;0;0;0
Defense;;vs Lugano;194;Match;16.11.2022 22:09:47;16.11.2022;16.11.2022;22:09:47;21:09:47;16.11.2022 21:09:47;16.11.2022 19:42:31;16.11.2022;16.11.2022;19:42:31;18:42:31;16.11.2022 18:42:31;5223;896;733;822;1197;776;799;211;36;30;33;48;31;32;8836;D;12,66;32,65;65;1485;1485;570;221;205;241;134;114;236,33;38,36;40,82;46,83;36,43;29,56;23,24;21,08;9,55;1,62;6,45;169;310;67;266;83;118;471;3,93;-7,2;129;28;2294;93;2555;103;435;648,89;243,93;220,12;175,15;9,7;26,22;9,86;8,89;7,08;0,39;304,67;104,74;70,38;93,31;36,24;12,31;4,23;2,84;3,77;1,46;38,53;;;953,56;0;0;381,59;1693,68;4,15;18,41;317;377;413;161;217;129,36;5,23;45,2;1119,1;0;0;;;;0;0;;;;;;;;;;;;;0;104;99;5;0;0;0;0;4,2;4;0,2;0;0;0;0;22;7;15;0,89;0,28;0,61;12;0,48;26;26;0;0;0;1,05;1,05;0;0;0;102;17;17;25;43;4,12;0,69;0,69;1,01;1,74;0;0;23;0;0;0;23;0,93;0;0;0;0,93;1;0,04;29;1,17;89;46;43;3,6;1,86;1,74;186;0;33;44;44;35;30;7,52;0;1,33;1,78;1,78;1,41;1,21;46;17;16;12;1;0;1,86;0,69;0,65;0,48;0,04;0;81;7;74;3,27;0,28;2,99
Offense;;vs Lugano;194;Match;16.11.2022 22:09:47;16.11.2022;16.11.2022;22:09:47;21:09:47;16.11.2022 21:09:47;16.11.2022 19:42:31;16.11.2022;16.11.2022;19:42:31;18:42:31;16.11.2022 18:42:31;3174;521;417;365;659;701;512;231;38;30;27;48;51;37;8836;F;13,89;31,03;62;823;823;295;122;86;129;116;75;160,16;13,36;17,66;25,34;34,62;33,83;20,42;14,92;11,68;1,95;8,05;154;113;45;133;69;134;174;3,9;-6,22;56;16;1680;122;1764;129;321;404,66;133,69;143,93;122,18;4,85;29,51;9,75;10,5;8,91;0,35;196,44;58,17;39,14;64,47;34,67;14,32;4,24;2,85;4,7;2,53;43,83;;;601,1;0;0;381,82;1462,73;4,55;17,41;185;218;201;124;94;74,57;5,44;45,3;621;0;0;;;;0;0;;;;;;;;;;;;;0;67;64;3;0;0;0;0;4,89;4,67;0,22;0;0;0;0;18;9;9;1,31;0,66;0,66;7;0,51;22;22;0;0;0;1,6;1,6;0;0;0;59;7;6;12;34;4,3;0,51;0,44;0,88;2,48;0;0;15;0;0;0;15;1,09;0;0;0;1,09;3;0,22;17;1,24;35;21;14;2,55;1,53;1,02;114;0;18;15;23;28;30;8,31;0;1,31;1,09;1,68;2,04;2,19;43;18;18;6;1;0;3,14;1,31;1,31;0,44;0,07;0;41;4;37;2,99;0,29;2,7
Offense;;vs Lugano;194;Match;16.11.2022 22:09:47;16.11.2022;16.11.2022;22:09:47;21:09:47;16.11.2022 21:09:47;16.11.2022 19:42:31;16.11.2022;16.11.2022;19:42:31;18:42:31;16.11.2022 18:42:31;4759;630;486;812;1180;840;810;243;32;25;41;60;43;41;8836;F;14,56;33,45;67;1177;1177;360;140;192;230;138;116;213,18;23,92;35,27;41,25;37,66;27,66;19,69;27,73;10,87;1,81;6,82;174;249;83;221;70;103;277;3,9;-6,36;143;41;2275;116;2489;127;424;562,16;184,71;191,27;181,82;4,36;28,66;9,42;9,75;9,27;0,22;271,6;94,85;61,56;78,83;36,36;13,85;4,84;3,14;4,02;1,85;42,51;;;833,75;0;0;428,05;3088,86;4,6;33,21;289;293;320;155;120;121,51;6,2;52,5;1030,6;0;0;;;;0;0;;;;;;;;;;;;;0;80;79;1;0;0;0;0;4,08;4,03;0,05;0;0;0;0;15;9;6;0,76;0,46;0,31;17;0,87;35;35;0;0;0;1,78;1,78;0;0;0;78;12;21;13;32;3,98;0,61;1,07;0,66;1,63;0;0;35;0;0;0;35;1,78;0;0;0;1,78;9;0,46;26;1,33;137;20;117;6,99;1,02;5,97;172;0;12;36;45;35;44;8,77;0;0,61;1,84;2,29;1,78;2,24;53;19;20;11;3;0;2,7;0,97;1,02;0,56;0,15;0;51;7;44;2,6;0,36;2,24
Offense;;vs Lugano;194;Match;16.11.2022 22:09:47;16.11.2022;16.11.2022;22:09:47;21:09:47;16.11.2022 21:09:47;16.11.2022 19:42:31;16.11.2022;16.11.2022;19:42:31;18:42:31;16.11.2022 18:42:31;2621;493;337;434;665;450;241;215;40;28;36;55;37;20;8836;F;12,89;34,1;68;732;732;293;100;102;128;73;35;149,44;13,86;21,66;22,51;20,19;18,75;17,79;34,67;12,25;2,04;8,52;89;153;98;124;60;74;133;3,77;-6,89;151;44;1169;96;1279;105;234;375,27;103,27;111,75;152,97;7,27;30,77;8,47;9,16;12,54;0,6;179,77;48,78;45,15;57,83;28;14,74;4;3,7;4,74;2,3;45,5;;;555,03;0;0;396,17;2091,75;4,31;22,74;144;218;165;104;101;67,59;5,54;46;561,6;0;0;;;;0;0;;;;;;;;;;;;;0;60;49;11;0;0;0;0;4,92;4,02;0,9;0;0;0;0;19;11;8;1,56;0,9;0,66;12;0,98;24;24;0;0;0;1,97;1,97;0;0;0;55;12;11;9;23;4,51;0,98;0,9;0,74;1,89;0;0;36;0;0;0;36;2,95;0;0;0;2,95;5;0,41;14;1,15;42;19;23;3,44;1,56;1,89;113;0;21;19;32;23;18;9,26;0;1,72;1,56;2,62;1,89;1,48;22;11;7;2;2;0;1,8;0,9;0,57;0,16;0,16;0;30;5;25;2,46;0,41;2,05
Offense;;vs Lugano;194;Match;16.11.2022 22:09:47;16.11.2022;16.11.2022;22:09:47;21:09:47;16.11.2022 21:09:47;16.11.2022 19:42:31;16.11.2022;16.11.2022;19:42:31;18:42:31;16.11.2022 18:42:31;4039;527;504;764;1203;676;366;234;31;29;44;70;39;21;8836;F;14,07;32,78;66;1034;1034;300;149;184;234;113;53;174,02;23,51;32,25;38,68;32,47;23,86;14,14;9,12;10,1;1,69;6,28;157;224;33;212;52;104;252;4,27;-6,48;28;9;1672;97;2047;119;324;479,95;169,28;163,69;137,51;9,45;27,86;9,83;9,5;7,98;0,55;233,38;78,3;57,83;72,71;24,55;13,55;4,54;3,36;4,22;1,42;41,4;;;713,33;0;0;375,23;1639,1;4,47;19,51;253;246;307;126;102;93,18;5,41;45,9;790,2;0;0;;;;0;0;;;;;;;;;;;;;0;79;73;6;0;0;0;0;4,59;4,24;0,35;0;0;0;0;20;9;11;1,16;0,52;0,64;4;0,23;31;30;1;0;0;1,8;1,74;0,06;0;0;72;13;17;17;25;4,18;0,75;0,99;0,99;1,45;0;0;7;0;0;0;7;0,41;0;0;0;0,41;0;0;20;1,16;48;19;29;2,79;1,1;1,68;148;0;14;39;34;38;23;8,59;0;0,81;2,26;1,97;2,21;1,34;33;15;12;4;2;0;1,92;0,87;0,7;0,23;0,12;0;83;10;73;4,82;0,58;4,24
Offense;;vs Lugano;194;Match;16.11.2022 22:09:47;16.11.2022;16.11.2022;22:09:47;21:09:47;16.11.2022 21:09:47;16.11.2022 19:42:31;16.11.2022;16.11.2022;19:42:31;18:42:31;16.11.2022 18:42:31;2595;329;214;298;675;543;536;256;32;21;29;67;53;53;8836;F;15,34;31,69;63;609;609;183;62;70;130;88;77;121,35;10,41;15,94;18,62;22,35;17,67;15,45;20,91;11,96;1,99;9,09;97;102;62;105;51;67;126;3,53;-6,64;93;26;1461;144;1465;144;260;279,6;99,36;99,15;81,09;0;27,55;9,79;9,77;7,99;0;133,86;47,75;29,48;38,02;18,61;13,19;4,7;2,9;3,75;1,83;40,73;;;413,46;0;0;438,2;1854,08;4,82;20,37;158;139;160;92;60;63,35;6,24;54,2;549,9;0;0;;;;0;0;;;;;;;;;;;;;0;47;46;1;0;0;0;0;4,63;4,53;0,1;0;0;0;0;10;4;6;0,99;0,39;0,59;9;0,89;16;15;1;0;0;1,58;1,48;0,1;0;0;40;7;5;7;21;3,94;0,69;0,49;0,69;2,07;0;0;23;0;0;0;23;2,27;0;0;0;2,27;2;0,2;14;1,38;37;12;25;3,65;1,18;2,46;89;0;9;8;18;22;32;8,77;0;0,89;0,79;1,77;2,17;3,15;37;14;17;5;1;0;3,65;1,38;1,67;0,49;0,1;0;23;0;23;2,27;0;2,27
Offense;;vs Lugano;194;Match;16.11.2022 22:09:47;16.11.2022;16.11.2022;22:09:47;21:09:47;16.11.2022 21:09:47;16.11.2022 19:42:31;16.11.2022;16.11.2022;19:42:31;18:42:31;16.11.2022 18:42:31;2278;273;231;375;663;347;390;251;30;25;41;73;38;43;8836;F;15,04;32,79;66;545;545;144;68;88;131;60;55;105,41;11,38;14,42;16,03;16,57;19,21;16,6;11,2;11,6;1,94;8,48;77;98;33;92;58;75;112;4,54;-5,33;37;10;1134;125;1263;139;214;293,42;87,82;92,39;95,51;17,7;32,29;9,66;10,17;10,51;1,95;136,11;36,94;32,27;43,63;23,27;14,98;4,07;3,55;4,8;2,56;47,27;;;429,53;0;0;462,02;1805,04;4,97;19,41;139;120;151;90;45;59,46;6,54;54,3;493,5;0;0;;;;0;0;;;;;;;;;;;;;0;50;44;4;2;0;0;0;5,5;4,84;0,44;0,22;0;0;0;15;5;10;1,65;0,55;1,1;5;0,55;17;17;0;0;0;1,87;1,87;0;0;0;45;9;9;9;18;4,95;0,99;0,99;0,99;1,98;0;0;8;0;0;0;8;0,88;0;0;0;0,88;0;0;12;1,32;20;12;8;2,2;1,32;0,88;99;0;18;12;29;19;21;10,9;0;1,98;1,32;3,19;2,09;2,31;24;6;12;4;2;0;2,64;0,66;1,32;0,44;0,22;0;26;1;25;2,86;0,11;2,75
Defense;;Period 1;194;Period;16.11.2022 20:14:46;16.11.2022;16.11.2022;20:14:46;19:14:46;16.11.2022 19:14:46;16.11.2022 19:45:50;16.11.2022;16.11.2022;19:45:50;18:45:50;16.11.2022 18:45:50;1286;289;211;284;279;143;80;187;42;31;41;41;21;12;1736;D;11,23;28,83;58;412;412;187;62;71;56;24;12;72,41;10,58;14,07;14,64;9,48;7,81;6,12;9,71;10,53;1,75;6,37;48;103;28;86;22;32;93;4,43;-5,37;38;12;422;61;568;83;97;205,03;68,6;61,88;64,85;9,7;29,83;9,98;9;9,43;1,41;107,8;27,7;26,23;39,57;14,3;15,68;4,03;3,82;5,76;2,08;45,51;;;312,82;0;0;344,32;1670,98;3,74;18,16;73;122;102;38;76;34,68;5,05;40,1;275,6;0;0;;;;0;0;;;;;;;;;;;;;0;31;28;3;0;0;0;0;4,51;4,07;0,44;0;0;0;0;11;5;6;1,6;0,73;0,87;5;0,73;15;15;0;0;0;2,18;2,18;0;0;0;40;6;12;6;16;5,82;0,87;1,75;0,87;2,33;0;0;10;0;0;0;10;1,45;0;0;0;1,45;1;0,15;11;1,6;24;15;9;3,49;2,18;1,31;59;0;12;15;18;8;6;8,58;0;1,75;2,18;2,62;1,16;0,87;7;3;3;1;0;0;1,02;0,44;0,44;0,15;0;0;11;3;8;1,6;0,44;1,16
Offense;;Period 1;194;Period;16.11.2022 20:14:46;16.11.2022;16.11.2022;20:14:46;19:14:46;16.11.2022 19:14:46;16.11.2022 19:45:50;16.11.2022;16.11.2022;19:45:50;18:45:50;16.11.2022 18:45:50;1022;77;50;64;236;312;283;281;21;14;18;65;86;78;1736;F;16,85;32,02;64;218;218;53;15;16;46;51;39;46,4;2,69;4,6;9,08;10,44;7,96;6,53;5,11;12,76;2,16;4,92;47;30;17;44;22;32;25;3,32;-5,32;37;6;729;200;690;190;125;107,73;34,09;38,24;35,39;0;29,62;9,37;10,51;9,73;0;52,87;16,06;12,09;17,09;7,64;14,54;4,41;3,32;4,7;2,1;44,15;;;160,6;0;0;482,83;1509,18;5,36;16,77;67;32;52;42;26;25,25;6,94;58,9;214,1;0;0;;;;0;0;;;;;;;;;;;;;0;19;19;0;0;0;0;0;5,22;5,22;0;0;0;0;0;3;1;2;0,82;0,27;0,55;1;0,27;7;7;0;0;0;1,92;1,92;0;0;0;18;4;3;0;11;4,95;1,1;0,82;0;3,02;0;0;6;0;0;0;6;1,65;0;0;0;1,65;0;0;7;1,92;12;4;8;3,3;1,1;2,2;27;0;1;2;3;9;12;7,42;0;0,27;0,55;0,82;2,47;3,3;20;8;6;5;1;0;5,5;2,2;1,65;1,37;0,27;0;17;3;14;4,67;0,82;3,85
Offense;;Period 1;194;Period;16.11.2022 20:14:46;16.11.2022;16.11.2022;20:14:46;19:14:46;16.11.2022 19:14:46;16.11.2022 19:45:50;16.11.2022;16.11.2022;19:45:50;18:45:50;16.11.2022 18:45:50;1379;132;95;186;355;340;271;264;25;18;36;68;65;52;1736;F;15,84;33,77;68;313;313;81;26;44;68;57;37;61,36;4,97;9,12;12,95;12,34;11,3;6,52;4,16;11,75;1,97;5,89;54;61;13;70;25;48;43;4,35;-5,8;24;6;829;159;857;164;153;162,21;53,06;59,57;42,3;7,27;31,06;10,16;11,41;8,1;1,39;81,31;22,04;17,58;24,84;16,85;15,57;4,22;3,37;4,76;3,23;46,63;;;243,52;0;0;438,67;1772,83;5,04;20,38;91;60;79;54;30;32,89;6,3;53,5;279,3;0;0;;;;0;0;;;;;;;;;;;;;0;31;27;3;1;0;0;0;5,94;5,17;0,57;0,19;0;0;0;2;1;1;0,38;0,19;0,19;2;0,38;9;9;0;0;0;1,72;1,72;0;0;0;24;2;1;8;13;4,6;0,38;0,19;1,53;2,49;0;0;5;0;0;0;5;0,96;0;0;0;0,96;0;0;7;1,34;18;13;5;3,45;2,49;0,96;44;0;1;7;10;13;13;8,43;0;0,19;1,34;1,91;2,49;2,49;17;9;5;2;1;0;3,26;1,72;0,96;0,38;0,19;0;16;1;15;3,06;0,19;2,87
Offense;;Period 1;194;Period;16.11.2022 20:14:46;16.11.2022;16.11.2022;20:14:46;19:14:46;16.11.2022 19:14:46;16.11.2022 19:45:50;16.11.2022;16.11.2022;19:45:50;18:45:50;16.11.2022 18:45:50;1274;198;166;278;353;183;96;227;35;30;50;63;33;17;1736;F;13,63;28,16;56;337;337;109;48;65;68;31;16;70,99;5,48;9,39;11,12;14,09;12,32;8,08;10,52;12,65;2,11;10,62;64;65;29;56;30;45;48;3,67;-6,21;58;15;536;96;656;117;112;178,6;53,33;57,63;65,94;1,7;31,83;9,51;10,27;11,75;0,3;90,13;23,16;20,85;28,66;17,45;16,06;4,13;3,72;5,11;3,11;47,89;;;268,73;0;0;368,14;1377,48;4,49;16,8;81;90;90;42;34;29,62;5,28;43,4;243,3;0;0;;;;0;0;;;;;;;;;;;;;0;33;30;3;0;0;0;0;5,88;5,35;0,53;0;0;0;0;6;4;2;1,07;0,71;0,36;5;0,89;15;15;0;0;0;2,67;2,67;0;0;0;33;6;7;5;15;5,88;1,07;1,25;0,89;2,67;0;0;9;0;0;0;9;1,6;0;0;0;1,6;5;0,89;6;1,07;20;11;9;3,56;1,96;1,6;52;0;4;11;21;10;6;9,27;0;0,71;1,96;3,74;1,78;1,07;12;7;4;1;0;0;2,14;1,25;0,71;0,18;0;0;17;3;14;3,03;0,53;2,5
Defense;;Period 1;194;Period;16.11.2022 20:14:46;16.11.2022;16.11.2022;20:14:46;19:14:46;16.11.2022 19:14:46;16.11.2022 19:45:50;16.11.2022;16.11.2022;19:45:50;18:45:50;16.11.2022 18:45:50;286;56;24;30;50;80;46;238;47;20;25;42;66;38;1736;D;14,27;27,38;55;72;72;29;7;7;10;12;6;15,57;1,11;1,55;2,25;3,16;2,36;2,17;2,95;12,95;2,15;4,89;13;12;9;12;8;8;10;3,49;-4,98;8;2;180;150;165;138;32;46,03;9,27;14,09;22,67;0;38,3;7,72;11,73;18,86;0;18,45;4,18;4,76;6,12;3,39;15,36;3,48;3,96;5,09;2,82;53,66;;;64,48;0;0;355,96;1459,4;4,88;19,99;14;21;13;15;10;6,18;5,14;40,4;48,6;0;0;;;;0;0;;;;;;;;;;;;;0;9;8;1;0;0;0;0;7,49;6,66;0,83;0;0;0;0;3;1;2;2,5;0,83;1,66;1;0,83;3;3;0;0;0;2,5;2,5;0;0;0;7;1;0;1;5;5,83;0,83;0;0,83;4,16;0;0;2;0;0;0;2;1,66;0;0;0;1,66;1;0,83;2;1,66;8;3;5;6,66;2,5;4,16;12;0;3;1;1;4;3;9,99;0;2,5;0,83;0,83;3,33;2,5;5;2;3;0;0;0;4,16;1,66;2,5;0;0;0;2;0;2;1,66;0;1,66
Defense;;Period 1;194;Period;16.11.2022 20:14:46;16.11.2022;16.11.2022;20:14:46;19:14:46;16.11.2022 19:14:46;16.11.2022 19:45:50;16.11.2022;16.11.2022;19:45:50;18:45:50;16.11.2022 18:45:50;1706;199;169;294;563;277;205;241;28;24;41;79;39;29;1736;D;14,45;28,57;57;425;425;121;50;70;108;46;30;73,49;10,34;13,93;16,1;14,66;8,9;4,24;5,31;10,37;1,72;6,61;74;101;16;89;16;36;93;3,85;-5,15;34;8;769;109;943;133;148;208,18;69,48;72,82;63,7;2,18;29,38;9,81;10,28;8,99;0,31;106,97;31,1;28,18;35,51;12,18;15,1;4,39;3,98;5,01;1,72;44,48;;;315,15;0;0;448,69;1719,65;4,58;17,55;105;100;110;61;48;45,59;6,44;55;389,3;0;0;;;;0;0;;;;;;;;;;;;;0;32;30;2;0;0;0;0;4,52;4,23;0,28;0;0;0;0;7;3;4;0,99;0,42;0,56;4;0,56;11;11;0;0;0;1,55;1,55;0;0;0;32;4;8;9;11;4,52;0,56;1,13;1,27;1,55;0;0;7;0;0;0;7;0,99;0;0;0;0,99;0;0;9;1,27;54;41;13;7,62;5,79;1,83;65;0;5;10;25;9;16;9,17;0;0,71;1,41;3,53;1,27;2,26;20;9;8;3;0;0;2,82;1,27;1,13;0,42;0;0;22;3;19;3,11;0,42;2,68
Goalies;;Period 1;194;Period;16.11.2022 20:14:46;16.11.2022;16.11.2022;20:14:46;19:14:46;16.11.2022 19:14:46;16.11.2022 19:45:50;16.11.2022;16.11.2022;19:45:50;18:45:50;16.11.2022 18:45:50;278;277;1;0;0;0;0;14;14;0;0;0;0;0;1736;Goalkeeper;0,83;11,44;23;1202;1202;1202;1;0;0;0;0;56,18;35,04;12,39;5,05;2,02;1,2;0,41;0,09;2,8;0,47;3,85;12;151;0;41;2;6;989;2,54;-2,63;0;0;7;0;1;0;8;258,69;199,06;43,88;15,76;0;12,91;9,94;2,19;0,79;0;135,05;106,44;21,94;6,67;0;6,74;5,31;1,1;0,33;0;19,65;;;393,74;0;0;30,35;463,24;0,36;5,45;1;73;7;0;1121;8,72;0,44;2,7;55;0;0;;;;0;0;;;;;;;;;;;;;0;1;1;0;0;0;0;0;0,05;0,05;0;0;0;0;0;0;0;0;0;0;0;0;0;0;0;0;0;0;0;0;0;0;0;0;0;0;0;0;0;0;0;0;0;8;0,4;0;0;0;0;0;0;0;0;0;0;0;0;0;0;1;1;0;0,05;0,05;0;1;0;1;0;0;0;0;0,05;0;0,05;0;0;0;0;0;0;0;0;0;0;0;0;0;0;0;0;1;0;1;0,05;0;0,05
Offense;;Period 1;194;Period;16.11.2022 20:14:46;16.11.2022;16.11.2022;20:14:46;19:14:46;16.11.2022 19:14:46;16.11.2022 19:45:50;16.11.2022;16.11.2022;19:45:50;18:45:50;16.11.2022 18:45:50;1379;186;126;185;355;224;303;247;33;23;33;64;40;54;1736;F;14,84;31,16;62;335;335;106;38;43;68;37;42;62,34;4,62;10,72;14,96;14,33;10,07;5,98;1,65;11,18;1,88;5,05;64;74;6;80;23;43;43;3,63;-7,08;4;1;782;140;821;147;147;179,75;53,64;74,6;50,06;1,45;32,24;9,62;13,38;8,98;0,26;84,93;21,48;18,67;30,96;13,82;15,23;3,85;3,35;5,55;2,48;47,48;;;264,68;0;0;367,93;1363,97;4,91;18,19;80;77;83;60;35;29,41;5,28;43,2;240,8;0;0;;;;0;0;;;;;;;;;;;;;0;30;29;1;0;0;0;0;5,38;5,2;0,18;0;0;0;0;3;1;2;0,54;0,18;0,36;0;0;10;10;0;0;0;1,79;1,79;0;0;0;33;6;3;9;15;5,92;1,08;0,54;1,61;2,69;0;0;1;0;0;0;1;0,18;0;0;0;0,18;0;0;6;1,08;17;8;9;3,05;1,43;1,61;50;0;9;7;8;12;14;8,97;0;1,61;1,26;1,43;2,15;2,51;21;9;4;7;1;0;3,77;1,61;0,72;1,26;0,18;0;24;4;20;4,3;0,72;3,59
Offense;;Period 1;194;Period;16.11.2022 20:14:46;16.11.2022;16.11.2022;20:14:46;19:14:46;16.11.2022 19:14:46;16.11.2022 19:45:50;16.11.2022;16.11.2022;19:45:50;18:45:50;16.11.2022 18:45:50;1405;188;120;143;440;259;255;253;34;22;26;79;47;46;1736;F;15,18;33,51;67;333;333;103;35;35;83;43;36;82,51;5,11;6,97;9,61;10,66;10,68;10,37;29,11;14,86;2,47;8,82;43;45;76;50;33;40;46;4,16;-6,54;239;48;793;143;827;149;142;165,48;61,73;58,67;42,67;2,42;29,8;11,12;10,56;7,68;0,44;75,87;25,18;16,7;22,48;11,52;13,66;4,53;3,01;4,05;2,07;43,46;;;241,35;0;0;442,45;1688,91;4,86;18,56;86;78;85;54;31;35,41;6,38;53,6;297,8;0;0;;;;0;0;;;;;;;;;;;;;0;26;24;2;0;0;0;0;4,68;4,32;0,36;0;0;0;0;6;3;3;1,08;0,54;0,54;15;2,7;7;7;0;0;0;1,26;1,26;0;0;0;27;6;5;5;11;4,86;1,08;0,9;0,9;1,98;0;0;26;0;0;0;26;4,68;0;0;0;4,68;5;0,9;6;1,08;18;11;7;3,24;1,98;1,26;49;0;8;7;11;12;11;8,82;0;1,44;1,26;1,98;2,16;1,98;15;4;5;3;3;0;2,7;0,72;0,9;0,54;0,54;0;16;1;15;2,88;0,18;2,7
Defense;;Period 1;194;Period;16.11.2022 20:14:46;16.11.2022;16.11.2022;20:14:46;19:14:46;16.11.2022 19:14:46;16.11.2022 19:45:50;16.11.2022;16.11.2022;19:45:50;18:45:50;16.11.2022 18:45:50;1426;335;234;311;327;135;83;201;47;33;44;46;19;12;1736;D;12,05;34,24;68;426;426;185;67;75;64;23;12;76,59;7,89;15,93;16,81;15,62;9;6,1;5,24;10,79;1,79;6,01;74;106;18;98;20;40;70;3,61;-6,48;21;7;442;62;587;83;103;213,36;66,88;82,36;62,67;1,45;30,06;9,42;11,6;8,83;0,2;111,19;30,23;26,27;39,05;15,64;15,67;4,26;3,7;5,5;2,2;45,73;;;324,55;0;0;361,8;1573,95;3,93;17,11;72;131;128;41;54;36,82;5,19;43;305,5;0;0;;;;0;0;;;;;;;;;;;;;0;39;36;3;0;0;0;0;5,49;5,07;0,42;0;0;0;0;6;2;4;0,85;0,28;0,56;1;0,14;10;10;0;0;0;1,41;1,41;0;0;0;39;6;8;6;19;5,49;0,85;1,13;0,85;2,68;0;0;6;0;0;0;6;0,85;0;0;0;0,85;2;0,28;9;1,27;34;13;21;4,79;1,83;2,96;57;0;9;16;16;11;5;8,03;0;1,27;2,25;2,25;1,55;0,7;9;6;2;0;1;0;1,27;0,85;0,28;0;0,14;0;21;5;16;2,96;0,7;2,25
Offense;;Period 1;194;Period;16.11.2022 20:14:46;16.11.2022;16.11.2022;20:14:46;19:14:46;16.11.2022 19:14:46;16.11.2022 19:45:50;16.11.2022;16.11.2022;19:45:50;18:45:50;16.11.2022 18:45:50;1598;166;163;197;353;410;310;264;27;27;32;58;68;51;1736;F;15,82;31,2;62;364;364;90;47;47;68;68;44;77,01;4,79;10,84;13,1;13,47;14,06;9,15;11,61;12,7;2,12;7,22;62;72;33;70;30;56;41;3,93;-5,67;59;14;961;158;1017;168;174;173,72;64,94;63,21;43,64;1,94;28,66;10,71;10,43;7,2;0,32;93,23;25,04;20,5;34,11;13,58;15,38;4,13;3,38;5,63;2,24;44,03;;;266,95;0;0;418,15;1355,02;5,04;16,33;111;75;90;62;27;36,33;5,99;51;309;0;0;;;;0;0;;;;;;;;;;;;;0;26;25;1;0;0;0;0;4,29;4,12;0,16;0;0;0;0;11;4;7;1,81;0,66;1,15;6;0,99;8;8;0;0;0;1,32;1,32;0;0;0;32;5;5;9;13;5,28;0,82;0,82;1,48;2,14;0;0;10;0;0;0;10;1,65;0;0;0;1,65;2;0,33;7;1,15;13;7;6;2,14;1,15;0,99;50;0;7;5;8;12;18;8,25;0;1,15;0,82;1,32;1,98;2,97;24;11;10;1;2;0;3,96;1,81;1,65;0,16;0,33;0;22;1;21;3,63;0,16;3,46
Defense;;Period 1;194;Period;16.11.2022 20:14:46;16.11.2022;16.11.2022;20:14:46;19:14:46;16.11.2022 19:14:46;16.11.2022 19:45:50;16.11.2022;16.11.2022;19:45:50;18:45:50;16.11.2022 18:45:50;1144;280;249;300;206;87;22;197;48;43;52;35;15;4;1736;D;11,82;27,03;54;348;348;138;74;75;42;16;3;46;11,8;12,69;9,5;4,89;4,37;1,81;0,94;7,92;1,31;4,56;24;102;3;60;8;18;133;4,35;-5,1;4;2;249;43;357;62;55;141,71;57,68;49,24;29,94;4,85;24,42;9,94;8,48;5,16;0,84;71,63;28,5;18,65;19,51;4,97;12,34;4,91;3,21;3,36;0,86;36,76;;;213,34;0;0;334,65;1871,57;3,76;21,03;55;133;112;22;26;27,53;4,74;40,8;237;0;0;;;;0;0;;;;;;;;;;;;;0;18;16;2;0;0;0;0;3,1;2,76;0,34;0;0;0;0;8;5;3;1,38;0,86;0,52;1;0,17;7;7;0;0;0;1,21;1,21;0;0;0;24;6;6;5;7;4,13;1,03;1,03;0,86;1,21;0;0;2;0;0;0;2;0,34;0;0;0;0,34;1;0,17;9;1,55;20;12;8;3,45;2,07;1,38;59;0;14;17;15;11;2;10,17;0;2,41;2,93;2,58;1,9;0,34;3;1;2;0;0;0;0,52;0,17;0,34;0;0;0;14;3;11;2,41;0,52;1,9
Defense;;Period 1;194;Period;16.11.2022 20:14:46;16.11.2022;16.11.2022;20:14:46;19:14:46;16.11.2022 19:14:46;16.11.2022 19:45:50;16.11.2022;16.11.2022;19:45:50;18:45:50;16.11.2022 18:45:50;1423;214;162;187;361;237;262;244;37;28;32;62;41;45;1736;F;14,61;32,51;65;351;351;109;47;46;73;39;37;63,78;7,64;11,81;14,06;11,19;8,97;6;4,11;10,91;1,72;6,09;56;84;13;78;21;35;63;3,87;-5,76;22;6;719;123;795;136;131;187,75;55,45;64,42;63,76;4,12;32,13;9,49;11,02;10,91;0,71;88,69;22,63;26,15;24,02;15,88;15,18;3,87;4,48;4,11;2,72;47,31;;;276,44;0;0;384,05;1735,22;4,86;21,96;82;92;85;58;33;31,74;5,43;44,8;261,8;0;0;;;;0;0;;;;;;;;;;;;;0;26;23;3;0;0;0;0;4,45;3,94;0,51;0;0;0;0;8;2;6;1,37;0,34;1,03;4;0,68;6;6;0;0;0;1,03;1,03;0;0;0;28;6;4;4;14;4,79;1,03;0,68;0,68;2,4;0;0;5;0;0;0;5;0,86;0;0;0;0,86;3;0,51;7;1,2;26;11;15;4,45;1,88;2,57;57;0;6;10;12;13;16;9,75;0;1,03;1,71;2,05;2,22;2,74;17;6;5;5;1;0;2,91;1,03;0,86;0,86;0,17;0;23;5;18;3,94;0,86;3,08
Offense;;Period 1;194;Period;16.11.2022 20:14:46;16.11.2022;16.11.2022;20:14:46;19:14:46;16.11.2022 19:14:46;16.11.2022 19:45:50;16.11.2022;16.11.2022;19:45:50;18:45:50;16.11.2022 18:45:50;0;;;;;;;;;;;;;;1736;F;;;0;0;0;;;;;;;0;;;;;;;;;;;;;;;;;;;;0;0;0;;0;;0;0;0;0;0;0;;;;;;0;0;0;0;0;;;;;;;;;0;0;0;;;;;;;;;;0;;;0;0;0;;;;0;0;;;;;;;;;;;;;0;0;0;0;0;0;0;0;0;0;0;0;0;0;0;0;0;0;0;0;0;0;0;0;0;0;0;0;0;0;0;0;0;0;0;0;0;0;0;0;0;0;0;0;0;0;0;0;0;0;0;0;0;0;0;0;0;0;0;0;0;0;0;0;0;0;0;0;0;0;0;0;0;0;0;0;0;0;0;0;0;0;0;0;0;0;0;0;0;0;0;0;0;0;0;0;0
Defense;;Period 1;194;Period;16.11.2022 20:14:46;16.11.2022;16.11.2022;20:14:46;19:14:46;16.11.2022 19:14:46;16.11.2022 19:45:50;16.11.2022;16.11.2022;19:45:50;18:45:50;16.11.2022 18:45:50;1570;271;220;238;318;263;260;228;39;32;34;46;38;38;1736;D;13,66;30,66;61;414;414;149;63;57;63;44;37;74,34;10,06;10,6;12,36;10,17;11,7;8,9;10,54;10,78;1,79;5,54;44;83;32;72;29;46;108;3,93;-5,77;57;13;746;108;788;114;143;198,54;68,63;66,76;60,97;2,18;28,79;9,95;9,68;8,84;0,32;96,47;30,76;21,53;26,96;17,21;13,99;4,46;3,12;3,91;2,5;42,78;;;295,01;0;0;403,4;1663,3;4,38;18,08;90;105;118;54;47;39,67;5,75;48,8;336,4;0;0;;;;0;0;;;;;;;;;;;;;0;35;34;1;0;0;0;0;5,07;4,93;0,14;0;0;0;0;8;2;6;1,16;0,29;0,87;5;0,72;11;11;0;0;0;1,59;1,59;0;0;0;33;7;4;5;17;4,78;1,01;0,58;0,72;2,46;0;0;9;0;0;0;9;1,3;0;0;0;1,3;0;0;9;1,3;17;8;9;2,46;1,16;1,3;54;0;8;12;11;12;11;7,83;0;1,16;1,74;1,59;1,74;1,59;17;6;6;5;0;0;2,46;0,87;0,87;0,72;0;0;22;3;19;3,19;0,43;2,75
Offense;;Period 1;194;Period;16.11.2022 20:14:46;16.11.2022;16.11.2022;20:14:46;19:14:46;16.11.2022 19:14:46;16.11.2022 19:45:50;16.11.2022;16.11.2022;19:45:50;18:45:50;16.11.2022 18:45:50;931;76;79;93;202;219;262;266;22;23;27;58;62;75;1736;F;15,97;31,03;62;210;210;54;22;22;38;36;38;46,81;2,42;4,34;6,68;10,29;10,92;6,62;5,53;13,38;2,23;7,55;43;27;17;34;22;42;25;3,48;-5,68;30;9;622;178;619;177;113;114,63;38,64;40,48;35,51;0;32,78;11,05;11,58;10,15;0;56,6;10,94;11,67;19,93;14,06;16,18;3,13;3,34;5,7;4,02;48,96;;;171,23;0;0;446,28;1363,66;5,31;16,23;54;28;55;48;26;22,38;6,4;52,1;182,1;0;0;;;;0;0;;;;;;;;;;;;;0;21;21;0;0;0;0;0;6;6;0;0;0;0;0;4;3;1;1,14;0,86;0,29;3;0,86;3;3;0;0;0;0,86;0,86;0;0;0;19;1;1;6;11;5,43;0,29;0,29;1,72;3,15;0;0;9;0;0;0;9;2,57;0;0;0;2,57;1;0,29;4;1,14;7;2;5;2;0,57;1,43;32;0;3;3;4;7;15;9,15;0;0,86;0,86;1,14;2;4,29;17;4;9;3;1;0;4,86;1,14;2,57;0,86;0,29;0;18;2;16;5,15;0,57;4,57
Offense;;Period 1;194;Period;16.11.2022 20:14:46;16.11.2022;16.11.2022;20:14:46;19:14:46;16.11.2022 19:14:46;16.11.2022 19:45:50;16.11.2022;16.11.2022;19:45:50;18:45:50;16.11.2022 18:45:50;1372;130;138;207;353;253;291;260;25;26;39;67;48;55;1736;F;15,6;30,12;60;317;317;77;39;48;69;42;43;60,64;5,67;10,76;12,58;10,2;6,95;5,72;8,76;11,49;1,91;6,78;47;73;27;69;18;26;56;3,33;-6,36;56;15;725;137;800;152;131;148,21;54,63;56;37,58;0;28,08;10,35;10,61;7,12;0;73,96;24,82;15,82;20,84;12,48;14,01;4,7;3;3,95;2,37;42,09;;;222,17;0;0;457,02;1715,93;4,91;18,45;97;66;83;42;29;34,74;6,58;56,3;297,2;0;0;;;;0;0;;;;;;;;;;;;;0;18;18;0;0;0;0;0;3,41;3,41;0;0;0;0;0;4;2;2;0,76;0,38;0,38;5;0,95;8;8;0;0;0;1,52;1,52;0;0;0;23;4;6;1;12;4,36;0,76;1,14;0,19;2,27;0;0;14;0;0;0;14;2,65;0;0;0;2,65;3;0,57;7;1,33;31;9;22;5,87;1,71;4,17;55;0;3;6;17;10;19;10,42;0;0,57;1,14;3,22;1,89;3,6;15;5;7;3;0;0;2,84;0,95;1,33;0,57;0;0;12;0;12;2,27;0;2,27
Offense;;Period 1;194;Period;16.11.2022 20:14:46;16.11.2022;16.11.2022;20:14:46;19:14:46;16.11.2022 19:14:46;16.11.2022 19:45:50;16.11.2022;16.11.2022;19:45:50;18:45:50;16.11.2022 18:45:50;1244;198;138;200;321;253;134;234;37;26;38;60;48;25;1736;F;14,01;34,1;68;320;320;108;40;47;63;42;19;70,13;5,29;9,63;9,48;10,05;9,48;9,49;16,71;13,17;2,19;6,61;43;66;46;52;33;37;41;3,73;-5,63;74;20;641;120;699;131;130;175,03;45,73;50,76;76,61;1,94;32,86;8,59;9,53;14,38;0,36;92;21,51;21,77;32,23;16,48;17,28;4,04;4,09;6,05;3,1;50,14;;;267,03;0;0;432,82;2091,75;4,7;22,74;75;87;72;52;33;33,07;6,21;50;266,5;0;0;;;;0;0;;;;;;;;;;;;;0;27;23;4;0;0;0;0;5,07;4,32;0,75;0;0;0;0;12;6;6;2,25;1,13;1,13;8;1,5;12;12;0;0;0;2,25;2,25;0;0;0;33;7;6;5;15;6,2;1,31;1,13;0,94;2,82;0;0;16;0;0;0;16;3;0;0;0;3;2;0,38;6;1,13;18;12;6;3,38;2,25;1,13;56;0;7;9;15;14;11;10,51;0;1,31;1,69;2,82;2,63;2,07;12;7;3;1;1;0;2,25;1,31;0,56;0,19;0,19;0;14;2;12;2,63;0,38;2,25
Offense;;Period 1;194;Period;16.11.2022 20:14:46;16.11.2022;16.11.2022;20:14:46;19:14:46;16.11.2022 19:14:46;16.11.2022 19:45:50;16.11.2022;16.11.2022;19:45:50;18:45:50;16.11.2022 18:45:50;1154;178;130;210;374;190;71;234;36;26;43;76;38;14;1736;F;14,01;28,2;56;296;296;94;39;51;70;32;11;51,46;5,97;10,07;13,9;8,65;6,53;4,16;2,19;10,42;1,74;4,44;43;70;8;76;16;28;54;4,27;-6,48;4;1;488;99;589;119;102;143,16;53,01;44,45;42,79;2,91;28,98;10,73;9;8,66;0,59;73,76;21,19;16,91;25,66;10;14,93;4,29;3,42;5,19;2,02;43,91;;;216,93;0;0;373,89;1618,96;4,45;19,27;74;72;90;34;26;26,47;5,36;45,7;225,6;0;0;;;;0;0;;;;;;;;;;;;;0;27;25;2;0;0;0;0;5,47;5,06;0,4;0;0;0;0;7;3;4;1,42;0,61;0,81;0;0;8;8;0;0;0;1,62;1,62;0;0;0;26;2;5;8;11;5,26;0,4;1,01;1,62;2,23;0;0;1;0;0;0;1;0,2;0;0;0;0,2;0;0;5;1,01;14;6;8;2,83;1,21;1,62;48;0;5;13;10;13;7;9,72;0;1,01;2,63;2,02;2,63;1,42;7;3;3;1;0;0;1,42;0,61;0,61;0,2;0;0;27;0;27;5,47;0;5,47
Offense;;Period 1;194;Period;16.11.2022 20:14:46;16.11.2022;16.11.2022;20:14:46;19:14:46;16.11.2022 19:14:46;16.11.2022 19:45:50;16.11.2022;16.11.2022;19:45:50;18:45:50;16.11.2022 18:45:50;1136;116;112;135;220;227;325;274;28;27;32;53;55;78;1736;F;16,41;31,69;63;249;249;61;31;32;42;37;46;56,79;3,01;7,32;8,01;9,62;8,99;8,33;11,52;13,68;2,26;9,09;42;43;34;45;27;32;25;3,53;-6,64;52;13;714;172;713;172;128;139,21;38,82;52,64;47,76;0;33,53;9,35;12,68;11,5;0;60,48;16,45;11,12;21,57;11,33;14,57;3,96;2,68;5,2;2,73;48,1;;;199,69;0;0;488,2;1854,08;5,36;20,37;69;38;69;49;24;29,05;7;58;240,6;0;0;;;;0;0;;;;;;;;;;;;;0;26;25;1;0;0;0;0;6,26;6,02;0,24;0;0;0;0;4;1;3;0,96;0,24;0,72;4;0,96;10;9;1;0;0;2,41;2,17;0,24;0;0;21;1;3;5;12;5,06;0,24;0,72;1,2;2,89;0;0;10;0;0;0;10;2,41;0;0;0;2,41;1;0,24;7;1,69;15;6;9;3,61;1,45;2,17;38;0;2;6;7;5;18;9,15;0;0,48;1,45;1,69;1,2;4,34;17;3;8;5;1;0;4,09;0,72;1,93;1,2;0,24;0;2;0;2;0,48;0;0,48
Offense;;Period 1;194;Period;16.11.2022 20:14:46;16.11.2022;16.11.2022;20:14:46;19:14:46;16.11.2022 19:14:46;16.11.2022 19:45:50;16.11.2022;16.11.2022;19:45:50;18:45:50;16.11.2022 18:45:50;1061;98;97;150;298;189;230;262;24;24;37;73;47;57;1736;F;15,71;31,57;63;243;243;58;28;35;57;33;32;46,87;5,68;6,26;7,88;6,31;7,56;7,59;5,58;11,56;1,94;8,48;30;43;16;45;26;29;53;4,19;-4,9;23;5;598;148;621;153;110;129,79;38,67;40,82;44;6,3;32,01;9,54;10,07;10,85;1,55;61,89;17,41;15,09;19,81;9,58;15,27;4,3;3,72;4,89;2,36;47,28;;;191,68;0;0;476,42;1805,04;5,12;19,41;64;46;68;43;23;27,69;6,83;56,7;229,9;0;0;;;;0;0;;;;;;;;;;;;;0;23;21;2;0;0;0;0;5,67;5,18;0,49;0;0;0;0;6;0;6;1,48;0;1,48;1;0,25;8;8;0;0;0;1,97;1,97;0;0;0;20;4;4;4;8;4,93;0,99;0,99;0,99;1,97;0;0;3;0;0;0;3;0,74;0;0;0;0,74;0;0;6;1,48;10;5;5;2,47;1,23;1,23;40;0;7;4;9;8;12;9,87;0;1,73;0,99;2,22;1,97;2,96;12;2;7;2;1;0;2,96;0,49;1,73;0,49;0,25;0;13;1;12;3,21;0,25;2,96
Defense;;Period 2;194;Period;16.11.2022 21:10:19;16.11.2022;16.11.2022;21:10:19;20:10:19;16.11.2022 20:10:19;16.11.2022 20:33:10;16.11.2022;16.11.2022;20:33:10;19:33:10;16.11.2022 19:33:10;1026;301;200;209;194;90;32;177;52;34;36;33;15;5;2229;D;10,6;25,73;51;348;348;176;60;53;40;15;5;61,12;7,83;13,17;13,48;7,69;7,11;5,9;5,94;10,53;1,75;5,36;38;92;19;79;21;29;70;4,27;-4,65;27;6;276;48;390;67;68;179,88;61,09;54,3;55,03;9,45;30,99;10,53;9,36;9,48;1,63;82,41;23,45;20,73;29,14;9,09;14,2;4,04;3,57;5,02;1,57;45,19;;;262,29;0;0;322,93;1748,46;3,51;19,01;52;116;87;29;65;26,87;4,63;37,9;219,7;0;0;;;;0;0;;;;;;;;;;;;;0;31;28;2;1;0;0;0;5,34;4,82;0,34;0,17;0;0;0;12;4;8;2,07;0,69;1,38;2;0,34;10;10;0;0;0;1,72;1,72;0;0;0;31;8;4;11;8;5,34;1,38;0,69;1,9;1,38;0;0;4;0;0;0;4;0,69;0;0;0;0,69;0;0;9;1,55;31;19;12;5,34;3,27;2,07;51;0;9;22;12;4;4;8,79;0;1,55;3,79;2,07;0,69;0,69;4;2;2;0;0;0;0,69;0,34;0,34;0;0;0;12;3;9;2,07;0,52;1,55
Offense;;Period 2;194;Period;16.11.2022 21:10:19;16.11.2022;16.11.2022;21:10:19;20:10:19;16.11.2022 20:10:19;16.11.2022 20:33:10;16.11.2022;16.11.2022;20:33:10;19:33:10;16.11.2022 19:33:10;1147;131;115;166;400;166;170;236;27;24;34;82;34;35;2229;F;14,14;31,19;62;292;292;91;33;39;78;28;24;56,69;4,93;8,66;11,05;12,68;9,24;5,74;4,38;11,65;1,95;6,17;56;56;15;56;22;38;49;3,64;-7,35;22;5;519;107;649;133;99;144,86;49,89;48,73;44,55;1,7;29,77;10,25;10,01;9,15;0,35;67,46;20,24;17,47;23,02;6,73;13,86;4,16;3,59;4,73;1,38;43,64;;;212,32;0;0;406,62;1511,09;4,52;16,79;76;62;70;41;43;28,36;5,83;49,4;240,4;0;0;;;;0;0;;;;;;;;;;;;;0;28;28;0;0;0;0;0;5,75;5,75;0;0;0;0;0;8;5;3;1,64;1,03;0,62;2;0,41;8;8;0;0;0;1,64;1,64;0;0;0;18;1;6;4;7;3,7;0,21;1,23;0,82;1,44;0;0;4;0;0;0;4;0,82;0;0;0;0,82;0;0;7;1,44;13;7;6;2,67;1,44;1,23;41;0;6;5;15;5;10;8,43;0;1,23;1,03;3,08;1,03;2,06;13;7;4;1;1;0;2,67;1,44;0,82;0,21;0,21;0;24;4;20;4,93;0,82;4,11
Offense;;Period 2;194;Period;16.11.2022 21:10:19;16.11.2022;16.11.2022;21:10:19;20:10:19;16.11.2022 20:10:19;16.11.2022 20:33:10;16.11.2022;16.11.2022;20:33:10;19:33:10;16.11.2022 19:33:10;1131;282;127;172;293;174;83;203;51;23;31;53;31;15;2229;F;12,17;27,44;55;334;334;156;38;41;57;30;13;67,54;4,72;8,34;14,04;13,58;13,41;8,45;4,99;12,12;2,04;6,74;59;55;16;79;30;54;42;3,89;-6,68;22;7;469;84;591;106;102;185,8;49,01;75,94;58,91;1,94;33,34;8,8;13,63;10,57;0,35;84,27;21,55;21,67;28,08;12,97;15,12;3,87;3,89;5,04;2,33;48,47;;;270,07;0;0;357,23;1434,6;4,11;16,49;74;112;64;39;45;28,55;5,12;41,1;229,1;0;0;;;;0;0;;;;;;;;;;;;;0;31;30;1;0;0;0;0;5,56;5,38;0,18;0;0;0;0;7;3;4;1,26;0,54;0,72;2;0,36;11;11;0;0;0;1,97;1,97;0;0;0;30;5;5;6;14;5,38;0,9;0,9;1,08;2,51;0;0;8;0;0;0;8;1,44;0;0;0;1,44;3;0,54;9;1,62;25;11;14;4,49;1,97;2,51;50;0;8;12;13;10;7;8,97;0;1,44;2,15;2,33;1,79;1,26;11;8;3;0;0;0;1,97;1,44;0,54;0;0;0;22;5;17;3,95;0,9;3,05
Offense;;Period 2;194;Period;16.11.2022 21:10:19;16.11.2022;16.11.2022;21:10:19;20:10:19;16.11.2022 20:10:19;16.11.2022 20:33:10;16.11.2022;16.11.2022;20:33:10;19:33:10;16.11.2022 19:33:10;876;168;134;164;128;116;164;226;43;35;42;33;30;42;2229;F;13,54;31,23;62;233;233;86;39;40;25;19;24;50,4;3,69;7,31;8,46;7,94;7,29;5,52;10,18;12,98;2,15;5,48;36;45;30;46;19;28;28;4,14;-5,8;60;13;420;108;435;112;80;131,47;36,23;45,79;44,12;5,33;33,87;9,33;11,8;11,37;1,37;57,54;15,82;14,33;19,75;7,64;14,82;4,07;3,69;5,09;1,97;48,69;;;189;0;0;374,28;1655,96;4,56;20,19;39;63;66;39;26;20,85;5,37;43,1;167,3;0;0;;;;0;0;;;;;;;;;;;;;0;20;20;0;0;0;0;0;5,15;5,15;0;0;0;0;0;7;7;0;1,8;1,8;0;5;1,29;10;10;0;0;0;2,58;2,58;0;0;0;20;3;2;5;10;5,15;0,77;0,52;1,29;2,58;0;0;8;0;0;0;8;2,06;0;0;0;2,06;0;0;6;1,55;26;11;15;6,7;2,83;3,86;39;0;11;8;5;7;8;10,05;0;2,83;2,06;1,29;1,8;2,06;12;5;2;4;1;0;3,09;1,29;0,52;1,03;0,26;0;15;5;10;3,86;1,29;2,58
Defense;;Period 2;194;Period;16.11.2022 21:10:19;16.11.2022;16.11.2022;21:10:19;20:10:19;16.11.2022 20:10:19;16.11.2022 20:33:10;16.11.2022;16.11.2022;20:33:10;19:33:10;16.11.2022 19:33:10;0;;;;;;;;;;;;;;2229;D;;;0;0;0;;;;;;;0;;;;;;;;;;;;;;;;;;;;0;0;0;;0;;0;0;0;0;0;0;;;;;;0;0;0;0;0;;;;;;;;;0;0;0;;;;;;;;;;0;;;0;0;0;;;;0;0;;;;;;;;;;;;;0;0;0;0;0;0;0;0;0;0;0;0;0;0;0;0;0;0;0;0;0;0;0;0;0;0;0;0;0;0;0;0;0;0;0;0;0;0;0;0;0;0;0;0;0;0;0;0;0;0;0;0;0;0;0;0;0;0;0;0;0;0;0;0;0;0;0;0;0;0;0;0;0;0;0;0;0;0;0;0;0;0;0;0;0;0;0;0;0;0;0;0;0;0;0;0;0
Defense;;Period 2;194;Period;16.11.2022 21:10:19;16.11.2022;16.11.2022;21:10:19;20:10:19;16.11.2022 20:10:19;16.11.2022 20:33:10;16.11.2022;16.11.2022;20:33:10;19:33:10;16.11.2022 19:33:10;1509;222;193;264;455;219;156;232;34;30;41;70;34;24;2229;D;13,95;28,34;57;389;389;121;57;62;89;36;24;67,94;8,6;13,03;16,4;11,57;7,23;5,62;5,49;10,47;1,73;6,53;55;93;17;93;21;29;82;3,65;-6,34;37;8;603;93;759;117;119;202,27;62,63;83,63;54,55;1,45;31,16;9,65;12,88;8,4;0,22;81,51;29,75;19,7;25,27;6,79;12,56;4,58;3,03;3,89;1,05;43,72;;;283,77;0;0;436,14;1669,45;4,45;17,04;96;92;116;45;41;40,61;6,26;53,1;344,4;0;0;;;;0;0;;;;;;;;;;;;;0;37;36;1;0;0;0;0;5,7;5,55;0,15;0;0;0;0;7;2;5;1,08;0,31;0,77;3;0,46;9;9;0;0;0;1,39;1,39;0;0;0;22;4;3;5;10;3,39;0,62;0,46;0,77;1,54;0;0;7;0;0;0;7;1,08;0;0;0;1,08;1;0,15;10;1,54;37;24;13;5,7;3,7;2;57;0;10;12;11;10;14;8,78;0;1,54;1,85;1,69;1,54;2,16;16;7;8;1;0;0;2,47;1,08;1,23;0,15;0;0;21;1;20;3,24;0,15;3,08
Goalies;;Period 2;194;Period;16.11.2022 21:10:19;16.11.2022;16.11.2022;21:10:19;20:10:19;16.11.2022 20:10:19;16.11.2022 20:33:10;16.11.2022;16.11.2022;20:33:10;19:33:10;16.11.2022 19:33:10;320;317;3;0;0;0;0;16;16;0;0;0;0;0;2229;Goalkeeper;0,96;12,42;25;1197;1197;1196;1;0;0;0;0;68,74;36,36;15,81;7,9;4,01;2,25;1,67;0,74;3,45;0,57;4,36;23;168;3;59;7;11;925;3,11;-3,39;1;1;8;0;3;0;6;262,64;191,98;56,48;14,18;0;13,17;9,63;2,83;0,71;0;133;101,4;25,3;6,3;0;6,67;5,08;1,27;0,32;0;19,84;;;395,65;0;0;32,88;803,57;0,39;9,45;2;93;5;0;1097;9,4;0,47;3,2;63,4;0;0;;;;0;0;;;;;;;;;;;;;0;2;2;0;0;0;0;0;0,1;0,1;0;0;0;0;0;0;0;0;0;0;0;1;0,05;0;0;0;0;0;0;0;0;0;0;0;0;0;0;0;0;0;0;0;0;27;1,35;1;0;0;0;1;0,05;0;0;0;0,05;0;0;0;0;0;0;0;0;0;0;1;0;1;0;0;0;0;0,05;0;0,05;0;0;0;0;0;0;0;0;0;0;0;0;0;0;0;0;1;1;0;0,05;0,05;0
Offense;;Period 2;194;Period;16.11.2022 21:10:19;16.11.2022;16.11.2022;21:10:19;20:10:19;16.11.2022 20:10:19;16.11.2022 20:33:10;16.11.2022;16.11.2022;20:33:10;19:33:10;16.11.2022 19:33:10;1338;210;123;165;276;290;275;234;37;21;29;48;51;48;2229;F;14,03;29,53;59;343;343;128;34;39;53;50;39;66,72;4,33;10,68;14,4;16,55;11,98;5,62;3,17;11,66;1,96;5,96;76;71;11;77;22;48;39;3,91;-6,2;9;4;803;140;821;143;153;182,57;63,73;62,24;52,72;3,88;31,9;11,14;10,88;9,21;0,68;81,43;22,04;14,67;30,78;13,94;14,23;3,85;2,56;5,38;2,44;46,13;;;264;0;0;351,9;1379,97;4,69;18,4;86;73;76;58;50;28,49;4,98;40,8;233,7;0;0;;;;0;0;;;;;;;;;;;;;0;27;25;2;0;0;0;0;4,72;4,37;0,35;0;0;0;0;5;3;2;0,87;0,52;0,35;2;0,35;8;8;0;0;0;1,4;1,4;0;0;0;29;4;6;5;14;5,07;0,7;1,05;0,87;2,45;0;0;3;0;0;0;3;0,52;0;0;0;0,52;0;0;8;1,4;14;4;10;2,45;0,7;1,75;51;0;6;9;10;11;15;8,91;0;1,05;1,57;1,75;1,92;2,62;18;6;6;6;0;0;3,15;1,05;1,05;1,05;0;0;20;6;14;3,49;1,05;2,45
Offense;;Period 2;194;Period;16.11.2022 21:10:19;16.11.2022;16.11.2022;21:10:19;20:10:19;16.11.2022 20:10:19;16.11.2022 20:33:10;16.11.2022;16.11.2022;20:33:10;19:33:10;16.11.2022 19:33:10;1205;214;236;143;296;167;149;223;40;44;26;55;31;28;2229;F;13,4;31,34;63;324;324;113;69;34;57;28;21;75,17;4,56;7,66;10,11;10,19;12,57;9,65;20,43;13,93;2,33;7,28;44;49;56;53;30;46;45;3,99;-5,47;116;31;513;95;584;108;104;170,82;53,73;58,06;54,18;4,85;31,66;9,96;10,76;10,04;0,9;81,6;21,35;19,17;25,08;16;15,13;3,96;3,55;4,65;2,97;46,79;;;252,42;0;0;398,68;1826,68;4,38;20,07;63;84;98;43;36;30,96;5,74;47,3;255,3;0;0;;;;0;0;;;;;;;;;;;;;0;34;32;2;0;0;0;0;6,3;5,93;0,37;0;0;0;0;5;3;2;0,93;0,56;0,37;12;2,22;12;12;0;0;0;2,22;2,22;0;0;0;24;5;3;5;11;4,45;0,93;0,56;0,93;2,04;0;0;21;0;0;0;21;3,89;0;0;0;3,89;2;0,37;7;1,3;60;49;11;11,12;9,08;2,04;51;0;17;4;11;10;9;9,45;0;3,15;0,74;2,04;1,85;1,67;11;4;4;2;1;0;2,04;0,74;0,74;0,37;0,19;0;26;4;22;4,82;0,74;4,08
Defense;;Period 2;194;Period;16.11.2022 21:10:19;16.11.2022;16.11.2022;21:10:19;20:10:19;16.11.2022 20:10:19;16.11.2022 20:33:10;16.11.2022;16.11.2022;20:33:10;19:33:10;16.11.2022 19:33:10;1334;372;220;216;333;122;70;183;51;30;30;46;17;10;2229;D;11;26,62;53;436;436;222;66;52;66;21;11;79,57;8,96;16;15,23;14,39;11,81;7,31;5,88;10,94;1,81;7,48;69;111;19;86;25;48;78;3,58;-4,39;34;9;399;55;540;74;91;224,42;72,36;77,51;74,54;0;30,85;9,95;10,66;10,25;0;102,11;30,12;30,54;36,6;4,85;14,04;4,14;4,2;5,03;0,67;44,89;;;326,53;0;0;325,19;1458,06;3,53;15,85;69;149;106;36;76;33,89;4,66;39,3;285,8;0;0;;;;0;0;;;;;;;;;;;;;0;37;37;0;0;0;0;0;5,09;5,09;0;0;0;0;0;13;9;4;1,79;1,24;0,55;2;0,27;12;12;0;0;0;1,65;1,65;0;0;0;32;4;13;6;9;4,4;0,55;1,79;0,82;1,24;0;0;8;0;0;0;8;1,1;0;0;0;1,1;1;0,14;7;0,96;38;21;17;5,22;2,89;2,34;53;0;12;11;17;6;7;7,29;0;1,65;1,51;2,34;0,82;0,96;10;5;5;0;0;0;1,37;0,69;0,69;0;0;0;18;2;16;2,47;0,27;2,2
Offense;;Period 2;194;Period;16.11.2022 21:10:19;16.11.2022;16.11.2022;21:10:19;20:10:19;16.11.2022 20:10:19;16.11.2022 20:33:10;16.11.2022;16.11.2022;20:33:10;19:33:10;16.11.2022 19:33:10;1047;94;82;122;245;185;320;271;24;21;32;63;48;83;2229;F;16,25;32,44;65;232;232;57;23;29;47;31;45;58,11;1,67;4,48;6,64;10,68;12,15;9,57;12,91;15,03;2,55;7,33;43;30;38;33;31;44;14;3,72;-6,59;81;20;687;178;696;180;121;134,6;42,91;54,24;36;1,45;34,82;11,1;14,03;9,31;0,38;51,8;13,92;10,06;16,66;11,15;13,4;3,6;2,6;4,31;2,88;48,22;;;186,4;0;0;445,89;1523,54;5,37;18,36;66;39;50;53;25;24,84;6,42;52,3;202,3;0;0;;;;0;0;;;;;;;;;;;;;0;22;20;2;0;0;0;0;5,69;5,17;0,52;0;0;0;0;8;2;6;2,07;0,52;1,55;6;1,55;7;7;0;0;0;1,81;1,81;0;0;0;15;1;2;3;9;3,88;0,26;0,52;0,78;2,33;0;0;17;0;0;0;17;4,4;0;0;0;4,4;2;0,52;6;1,55;16;8;8;4,14;2,07;2,07;38;0;4;6;7;5;16;9,83;0;1,03;1,55;1,81;1,29;4,14;16;3;9;3;1;0;4,14;0,78;2,33;0,78;0,26;0;15;3;12;3,88;0,78;3,1
Defense;;Period 2;194;Period;16.11.2022 21:10:19;16.11.2022;16.11.2022;21:10:19;20:10:19;16.11.2022 20:10:19;16.11.2022 20:33:10;16.11.2022;16.11.2022;20:33:10;19:33:10;16.11.2022 19:33:10;1743;340;255;349;433;208;160;212;41;31;42;53;25;19;2229;D;12,72;31,66;63;494;494;184;78;88;87;36;20;76,57;14,59;17,56;15,73;12,71;9,66;4,76;1,57;9,31;1,51;5,62;62;130;4;92;18;41;147;4,24;-5,49;8;1;569;69;661;80;103;200,16;71,83;64,33;56,73;7,27;24,33;8,73;7,82;6,9;0,88;86,22;33,1;20,59;26,11;6,42;10,48;4,02;2,5;3,17;0,78;34,81;;;286,39;0;0;364,11;1451,98;4,09;16,31;89;140;156;50;59;39,83;4,84;43,9;361,3;0;0;;;;0;0;;;;;;;;;;;;;0;22;20;2;0;0;0;0;2,67;2,43;0,24;0;0;0;0;10;4;6;1,22;0,49;0,73;2;0,24;9;9;0;0;0;1,09;1,09;0;0;0;21;4;5;3;9;2,55;0,49;0,61;0,36;1,09;0;0;3;0;0;0;3;0,36;0;0;0;0,36;0;0;9;1,09;23;14;9;2,8;1,7;1,09;55;0;9;17;14;10;5;6,69;0;1,09;2,07;1,7;1,22;0,61;12;4;6;1;1;0;1,46;0,49;0,73;0,12;0,12;0;26;4;22;3,16;0,49;2,67
Defense;;Period 2;194;Period;16.11.2022 21:10:19;16.11.2022;16.11.2022;21:10:19;20:10:19;16.11.2022 20:10:19;16.11.2022 20:33:10;16.11.2022;16.11.2022;20:33:10;19:33:10;16.11.2022 19:33:10;1103;284;169;173;209;130;137;198;51;30;31;38;23;25;2229;F;11,88;30,29;61;334;334;160;51;41;41;22;20;56,34;7,64;12,3;11,47;8,81;6,1;5,36;4,65;10,12;1,69;5,11;43;92;14;65;19;24;76;3,94;-5,09;19;5;432;78;482;87;88;178,21;53,12;60,18;56,91;8;32;9,54;10,81;10,22;1,44;80,73;22,46;23,03;26,27;8,97;14,5;4,03;4,14;4,72;1,61;46,5;;;258,93;0;0;313,78;1801,29;3,97;22,8;53;110;78;39;53;24,95;4,48;36,4;202,9;0;0;;;;0;0;;;;;;;;;;;;;0;29;25;4;0;0;0;0;5,21;4,49;0,72;0;0;0;0;8;7;1;1,44;1,26;0,18;3;0,54;12;11;1;0;0;2,16;1,98;0,18;0;0;25;5;4;8;8;4,49;0,9;0,72;1,44;1,44;0;0;5;0;0;0;5;0,9;0;0;0;0,9;1;0,18;6;1,08;34;9;25;6,11;1,62;4,49;54;0;14;8;11;7;14;9,7;0;2,51;1,44;1,98;1,26;2,51;11;2;6;3;0;0;1,98;0,36;1,08;0,54;0;0;23;8;15;4,13;1,44;2,69
Offense;;Period 2;194;Period;16.11.2022 21:10:19;16.11.2022;16.11.2022;21:10:19;20:10:19;16.11.2022 20:10:19;16.11.2022 20:33:10;16.11.2022;16.11.2022;20:33:10;19:33:10;16.11.2022 19:33:10;0;;;;;;;;;;;;;;2229;F;;;0;0;0;;;;;;;0;;;;;;;;;;;;;;;;;;;;0;0;0;;0;;0;0;0;0;0;0;;;;;;0;0;0;0;0;;;;;;;;;0;0;0;;;;;;;;;;0;;;0;0;0;;;;0;0;;;;;;;;;;;;;0;0;0;0;0;0;0;0;0;0;0;0;0;0;0;0;0;0;0;0;0;0;0;0;0;0;0;0;0;0;0;0;0;0;0;0;0;0;0;0;0;0;0;0;0;0;0;0;0;0;0;0;0;0;0;0;0;0;0;0;0;0;0;0;0;0;0;0;0;0;0;0;0;0;0;0;0;0;0;0;0;0;0;0;0;0;0;0;0;0;0;0;0;0;0;0;0
Defense;;Period 2;194;Period;16.11.2022 21:10:19;16.11.2022;16.11.2022;21:10:19;20:10:19;16.11.2022 20:10:19;16.11.2022 20:33:10;16.11.2022;16.11.2022;20:33:10;19:33:10;16.11.2022 19:33:10;1342;293;179;229;292;159;190;199;43;27;34;43;24;28;2229;D;11,95;32,65;65;404;404;185;54;56;57;27;26;68,89;10,04;13,52;14,79;10,26;7,56;7,35;5,39;10,22;1,69;5,36;49;99;19;85;26;30;97;3,71;-5,29;27;7;536;80;608;90;107;191,84;66,82;68,66;54,66;1,7;28,46;9,91;10,19;8,11;0,25;88,06;29,13;24,82;30,48;3,64;13,06;4,32;3,68;4,52;0,54;41,52;;;279,9;0;0;350,86;1482,29;3,81;16,11;73;117;103;39;72;34,32;5,09;42,7;287,5;0;0;;;;0;0;;;;;;;;;;;;;0;30;28;2;0;0;0;0;4,45;4,15;0,3;0;0;0;0;4;2;2;0,59;0,3;0,3;3;0,45;5;5;0;0;0;0,74;0,74;0;0;0;29;5;7;7;10;4,3;0,74;1,04;1,04;1,48;0;0;6;0;0;0;6;0,89;0;0;0;0,89;1;0,15;8;1,19;32;18;14;4,75;2,67;2,08;56;0;15;13;14;5;9;8,31;0;2,23;1,93;2,08;0,74;1,34;11;4;4;2;1;0;1,63;0,59;0,59;0,3;0,15;0;19;1;18;2,82;0,15;2,67
Offense;;Period 2;194;Period;16.11.2022 21:10:19;16.11.2022;16.11.2022;21:10:19;20:10:19;16.11.2022 20:10:19;16.11.2022 20:33:10;16.11.2022;16.11.2022;20:33:10;19:33:10;16.11.2022 19:33:10;1002;187;136;152;210;234;84;216;40;29;33;45;50;18;2229;F;12,96;30,76;62;278;278;109;41;36;41;39;12;59,9;3,39;5,85;9,46;14,07;13,75;8,93;4,43;12,92;2,16;5,71;63;35;14;49;31;55;32;3,9;-6,22;8;2;501;108;525;113;102;152,97;42,48;53,39;52,24;4,85;33;9,16;11,52;11,27;1,05;70,99;20,27;15,82;25,93;8,97;15,31;4,37;3,41;5,59;1,93;48,31;;;223,96;0;0;362,9;1462,73;4,32;17,41;59;80;62;38;40;24,12;5,2;42,3;195,9;0;0;;;;0;0;;;;;;;;;;;;;0;25;22;3;0;0;0;0;5,39;4,75;0,65;0;0;0;0;11;5;6;2,37;1,08;1,29;1;0,22;11;11;0;0;0;2,37;2,37;0;0;0;22;2;3;5;12;4,75;0,43;0,65;1,08;2,59;0;0;2;0;0;0;2;0,43;0;0;0;0,43;0;0;6;1,29;18;12;6;3,88;2,59;1,29;43;0;8;7;9;13;6;9,28;0;1,73;1,51;1,94;2,8;1,29;12;6;5;1;0;0;2,59;1,29;1,08;0,22;0;0;13;1;12;2,8;0,22;2,59
Offense;;Period 2;194;Period;16.11.2022 21:10:19;16.11.2022;16.11.2022;21:10:19;20:10:19;16.11.2022 20:10:19;16.11.2022 20:33:10;16.11.2022;16.11.2022;20:33:10;19:33:10;16.11.2022 19:33:10;1419;192;155;293;361;260;159;238;32;26;49;60;44;27;2229;F;14,26;32,18;64;358;358;108;45;70;71;43;22;71,74;5,99;9,05;14,06;14,31;10,89;7,36;10,08;12,01;2;6,25;64;60;30;75;28;42;61;3,9;-5,22;53;14;630;105;728;122;122;192,42;55,45;63,27;69,33;4,36;32,21;9,28;10,59;11,61;0,73;84,41;27,45;21,21;27,02;8,73;14,13;4,6;3,55;4,52;1,46;46,34;;;276,83;0;0;422,71;1828,98;4,55;19,67;86;85;101;48;39;36,21;6,06;51,5;307,4;0;0;;;;0;0;;;;;;;;;;;;;0;31;30;1;0;0;0;0;5,19;5,02;0,17;0;0;0;0;9;6;3;1,51;1;0,5;8;1,34;13;13;0;0;0;2,18;2,18;0;0;0;26;5;8;3;10;4,35;0,84;1,34;0,5;1,67;0;0;11;0;0;0;11;1,84;0;0;0;1,84;3;0,5;8;1,34;81;4;77;13,56;0,67;12,89;57;0;4;21;13;12;7;9,54;0;0,67;3,52;2,18;2,01;1,17;16;10;3;2;1;0;2,68;1,67;0,5;0,33;0,17;0;17;4;13;2,85;0,67;2,18
Offense;;Period 2;194;Period;16.11.2022 21:10:19;16.11.2022;16.11.2022;21:10:19;20:10:19;16.11.2022 20:10:19;16.11.2022 20:33:10;16.11.2022;16.11.2022;20:33:10;19:33:10;16.11.2022 19:33:10;1309;290;187;212;323;191;107;209;46;30;34;52;31;17;2229;F;12,56;32,17;64;375;375;162;56;49;61;30;16;77,2;7,14;11,4;12,97;10,14;9,28;8,31;17,96;12,34;2,06;8,52;45;80;52;71;27;37;62;3,77;-6,89;77;23;519;83;581;93;102;193,33;52,45;59,18;76,36;5,33;30,92;8,39;9,46;12,21;0,85;82,07;23,02;21,94;25,6;11,52;13,12;3,68;3,51;4,09;1,84;44,04;;;275,4;0;0;387,24;1564,68;4,21;17,01;68;126;82;52;48;33,25;5,32;44,9;280,5;0;0;;;;0;0;;;;;;;;;;;;;0;33;26;7;0;0;0;0;5,28;4,16;1,12;0;0;0;0;7;5;2;1,12;0,8;0,32;4;0,64;12;12;0;0;0;1,92;1,92;0;0;0;21;4;5;4;8;3,36;0,64;0,8;0,64;1,28;0;0;20;0;0;0;20;3,2;0;0;0;3,2;3;0,48;8;1,28;24;7;17;3,84;1,12;2,72;56;0;14;10;16;9;7;8,96;0;2,24;1,6;2,56;1,44;1,12;10;4;4;1;1;0;1,6;0,64;0,64;0,16;0,16;0;15;3;12;2,4;0,48;1,92
Offense;;Period 2;194;Period;16.11.2022 21:10:19;16.11.2022;16.11.2022;21:10:19;20:10:19;16.11.2022 20:10:19;16.11.2022 20:33:10;16.11.2022;16.11.2022;20:33:10;19:33:10;16.11.2022 19:33:10;1192;166;204;235;316;186;85;227;32;39;45;60;35;16;2229;F;13,62;29,14;58;315;315;93;60;58;61;31;12;53,96;7,14;10,24;11,36;10,01;8,06;4,32;2,84;10,27;1,72;6,26;47;70;9;63;17;36;73;4,21;-5,52;11;3;416;79;580;110;81;150,97;46,36;56;45,21;3,39;28,74;8,83;10,66;8,61;0,65;70,8;24,26;22,12;21,87;2,55;13,48;4,62;4,21;4,16;0,48;42,22;;;221,77;0;0;365,02;1387,01;4,35;16,51;71;87;90;37;31;27,55;5,24;44,4;233,2;0;0;;;;0;0;;;;;;;;;;;;;0;25;22;3;0;0;0;0;4,76;4,19;0,57;0;0;0;0;9;5;4;1,71;0,95;0,76;1;0,19;11;10;1;0;0;2,09;1,9;0,19;0;0;19;5;8;2;4;3,62;0,95;1,52;0,38;0,76;0;0;3;0;0;0;3;0,57;0;0;0;0,57;0;0;6;1,14;17;6;11;3,24;1,14;2,09;48;0;5;18;9;11;5;9,14;0;0,95;3,43;1,71;2,09;0,95;11;6;4;1;0;0;2,09;1,14;0,76;0,19;0;0;26;6;20;4,95;1,14;3,81
Offense;;Period 2;194;Period;16.11.2022 21:10:19;16.11.2022;16.11.2022;21:10:19;20:10:19;16.11.2022 20:10:19;16.11.2022 20:33:10;16.11.2022;16.11.2022;20:33:10;19:33:10;16.11.2022 19:33:10;703;57;21;53;225;196;150;278;23;8;21;89;78;59;2229;F;16,69;27,73;55;152;152;36;6;12;43;32;22;31,61;2,46;4,22;4,91;7,55;4,47;3,55;4,45;12,51;2,1;5,16;33;27;14;27;12;18;20;3,04;-5,79;18;5;464;184;441;175;80;69,24;30,21;23,15;15,88;0;27,4;11,95;9,16;6,28;0;31,22;11,83;9,39;4,3;5,7;12,35;4,68;3,72;1,7;2,25;39,75;;;100,47;0;0;470,21;1806,67;5,17;19,85;50;25;39;24;14;17,03;6,74;59;149;0;0;;;;0;0;;;;;;;;;;;;;0;9;9;0;0;0;0;0;3,56;3,56;0;0;0;0;0;0;0;0;0;0;0;3;1,19;4;4;0;0;0;1,58;1,58;0;0;0;9;4;1;0;4;3,56;1,58;0,4;0;1,58;0;0;6;0;0;0;6;2,37;0;0;0;2,37;0;0;4;1,58;7;3;4;2,77;1,19;1,58;24;0;2;0;3;8;11;9,5;0;0,79;0;1,19;3,17;4,35;12;5;7;0;0;0;4,75;1,98;2,77;0;0;0;13;0;13;5,14;0;5,14
Offense;;Period 2;194;Period;16.11.2022 21:10:19;16.11.2022;16.11.2022;21:10:19;20:10:19;16.11.2022 20:10:19;16.11.2022 20:33:10;16.11.2022;16.11.2022;20:33:10;19:33:10;16.11.2022 19:33:10;553;34;32;82;177;117;111;291;18;17;43;93;61;59;2229;F;17,45;32,79;66;114;114;18;9;19;34;20;15;23,33;2;2,76;3,31;4,66;5,94;2,98;1,68;12,26;2,03;4,48;21;18;5;19;10;24;17;3,97;-5,32;4;1;331;174;336;176;57;61,88;19,94;20,73;16,85;4,36;32,52;10,48;10,89;8,86;2,29;26,49;7,98;7,42;5,03;6,06;13,92;4,19;3,9;2,64;3,19;46,45;;;88,37;0;0;515,82;1469,17;5,55;15,8;35;19;31;23;7;14,15;7,44;63;119,9;0;0;;;;0;0;;;;;;;;;;;;;0;10;9;0;1;0;0;0;5,26;4,73;0;0,53;0;0;0;3;2;1;1,58;1,05;0,53;1;0,53;4;4;0;0;0;2,1;2,1;0;0;0;9;3;2;1;3;4,73;1,58;1,05;0,53;1,58;0;0;1;0;0;0;1;0,53;0;0;0;0,53;0;0;3;1,58;5;4;1;2,63;2,1;0,53;25;0;2;4;4;9;6;13,14;0;1,05;2,1;2,1;4,73;3,15;8;4;2;1;1;0;4,21;2,1;1,05;0,53;0,53;0;9;0;9;4,73;0;4,73
Defense;;Period 3;194;Period;16.11.2022 22:03:20;16.11.2022;16.11.2022;22:03:20;21:03:20;16.11.2022 21:03:20;16.11.2022 21:28:46;16.11.2022;16.11.2022;21:28:46;20:28:46;16.11.2022 20:28:46;840;207;171;208;170;53;32;187;46;38;46;38;12;7;2074;D;11,21;27,24;54;270;270;123;49;50;34;10;5;51,46;5,49;9,39;9,74;6,88;6,85;4,44;8,68;11,45;1,89;7,82;31;69;23;55;17;26;50;3,93;-6,02;45;15;249;55;329;73;66;147,48;43,97;42,18;58,42;2,91;32,8;9,78;9,38;13;0,65;69,64;16,23;13,85;27,57;12;15,49;3,61;3,08;6,13;2,67;48,29;;;217,12;0;0;351,3;1780,9;3,82;19,36;42;88;71;27;43;22,64;5,04;40;179,9;0;0;;;;0;0;;;;;;;;;;;;;0;28;26;2;0;0;0;0;6,23;5,78;0,44;0;0;0;0;7;3;4;1,56;0,67;0,89;2;0,44;14;14;0;0;0;3,11;3,11;0;0;0;27;3;5;5;14;6,01;0,67;1,11;1,11;3,11;0;0;10;0;0;0;10;2,22;0;0;0;2,22;4;0,89;6;1,33;16;10;6;3,56;2,22;1,33;41;0;6;15;13;2;5;9,12;0;1,33;3,34;2,89;0,44;1,11;5;4;1;0;0;0;1,11;0,89;0,22;0;0;0;10;4;6;2,22;0,89;1,33
Offense;;Period 3;194;Period;16.11.2022 22:03:20;16.11.2022;16.11.2022;22:03:20;21:03:20;16.11.2022 21:03:20;16.11.2022 21:28:46;16.11.2022;16.11.2022;21:28:46;20:28:46;16.11.2022 20:28:46;712;77;93;107;197;159;79;239;26;31;36;66;53;26;2074;F;14,32;28,98;58;179;179;45;28;25;41;28;12;33,3;3,47;5,93;5,92;6,77;4,63;4;2,58;11,16;1,92;5,2;29;40;9;33;14;22;32;3,54;-5,34;7;2;338;113;384;129;64;78,95;26,92;26,33;25,7;0;26,46;9,02;8,83;8,61;0;40,34;13,65;10,7;11,03;4,97;13,52;4,58;3,59;3,7;1,67;39,99;;;119,3;0;0;427,21;1491,22;4,75;16,57;49;37;53;24;17;17,91;6;50;149,2;0;0;;;;0;0;;;;;;;;;;;;;0;13;13;0;0;0;0;0;4,36;4,36;0;0;0;0;0;3;1;2;1,01;0,34;0,67;0;0;3;3;0;0;0;1,01;1,01;0;0;0;15;5;5;1;4;5,03;1,68;1,68;0,34;1,34;0;0;2;0;0;0;2;0,67;0;0;0;0,67;0;0;4;1,34;10;5;5;3,35;1,68;1,68;25;0;3;3;8;6;5;8,38;0;1,01;1,01;2,68;2,01;1,68;8;4;2;2;0;0;2,68;1,34;0,67;0,67;0;0;15;2;13;5,03;0,67;4,36
Offense;;Period 3;194;Period;16.11.2022 22:03:20;16.11.2022;16.11.2022;22:03:20;21:03:20;16.11.2022 21:03:20;16.11.2022 21:28:46;16.11.2022;16.11.2022;21:28:46;20:28:46;16.11.2022 20:28:46;971;142;55;154;208;156;255;243;35;14;39;52;39;64;2074;F;14,56;32,45;65;240;240;87;16;37;41;24;35;49,46;3,41;6,57;8,38;9,57;8,65;7,34;5,54;12,36;2,06;5,33;40;48;17;45;25;33;31;3,23;-5,24;24;6;553;138;585;146;97;127,18;42,15;42,97;42,06;0;31,79;10,54;10,74;10,52;0;56,46;17,03;10,92;11,42;17,09;14,12;4,26;2,73;2,86;4,27;45,91;;;183,64;0;0;417,1;1478,36;4,79;16,99;58;54;54;42;33;24,23;6,06;49,2;196,7;0;0;;;;0;0;;;;;;;;;;;;;0;22;22;0;0;0;0;0;5,5;5,5;0;0;0;0;0;2;1;1;0,5;0,25;0,25;3;0,75;9;9;0;0;0;2,25;2,25;0;0;0;17;2;1;1;13;4,25;0,5;0,25;0,25;3,25;0;0;6;0;0;0;6;1,5;0;0;0;1,5;0;0;6;1,5;9;4;5;2,25;1;1,25;29;0;2;5;13;3;6;7,25;0;0,5;1,25;3,25;0,75;1,5;10;4;1;3;2;0;2,5;1;0,25;0,75;0,5;0;10;0;10;2,5;0;2,5
Offense;;Period 3;194;Period;16.11.2022 22:03:20;16.11.2022;16.11.2022;22:03:20;21:03:20;16.11.2022 21:03:20;16.11.2022 21:28:46;16.11.2022;16.11.2022;21:28:46;20:28:46;16.11.2022 20:28:46;1503;239;193;292;318;198;263;227;36;29;44;48;30;40;2074;F;13,63;31,4;63;397;397;139;57;68;63;32;38;82,84;7,62;10,54;12,41;12,27;13,89;8,69;17,42;12,52;2,08;7,63;54;75;49;66;29;50;73;3,84;-7,11;101;29;671;101;781;118;130;192,48;63,21;66,36;59,51;3,39;29,1;9,56;10,03;9;0,51;91,42;30,93;22,41;27,18;10,91;13,82;4,68;3,39;4,11;1,65;42,92;;;283,9;0;0;356,52;1566,98;4,35;19,11;85;100;109;52;51;33,92;5,13;43,4;287,1;0;0;;;;0;0;;;;;;;;;;;;;0;32;30;2;0;0;0;0;4,84;4,54;0,3;0;0;0;0;10;6;4;1,51;0,91;0,6;10;1,51;9;9;0;0;0;1,36;1,36;0;0;0;28;6;3;8;11;4,23;0,91;0,45;1,21;1,66;0;0;19;0;0;0;19;2,87;0;0;0;2,87;5;0,76;8;1,21;22;9;13;3,33;1,36;1,97;54;0;11;5;20;4;14;8,16;0;1,66;0,76;3,02;0,6;2,12;16;5;8;2;1;0;2,42;0,76;1,21;0,3;0,15;0;23;4;19;3,48;0,6;2,87
Defense;;Period 3;194;Period;16.11.2022 22:03:20;16.11.2022;16.11.2022;22:03:20;21:03:20;16.11.2022 21:03:20;16.11.2022 21:28:46;16.11.2022;16.11.2022;21:28:46;20:28:46;16.11.2022 20:28:46;0;;;;;;;;;;;;;;2074;D;;;0;0;0;;;;;;;0;;;;;;;;;;;;;;;;;;;;0;0;0;;0;;0;0;0;0;0;0;;;;;;0;0;0;0;0;;;;;;;;;0;0;0;;;;;;;;;;0;;;0;0;0;;;;0;0;;;;;;;;;;;;;0;0;0;0;0;0;0;0;0;0;0;0;0;0;0;0;0;0;0;0;0;0;0;0;0;0;0;0;0;0;0;0;0;0;0;0;0;0;0;0;0;0;0;0;0;0;0;0;0;0;0;0;0;0;0;0;0;0;0;0;0;0;0;0;0;0;0;0;0;0;0;0;0;0;0;0;0;0;0;0;0;0;0;0;0;0;0;0;0;0;0;0;0;0;0;0;0
Defense;;Period 3;194;Period;16.11.2022 22:03:20;16.11.2022;16.11.2022;22:03:20;21:03:20;16.11.2022 21:03:20;16.11.2022 21:28:46;16.11.2022;16.11.2022;21:28:46;20:28:46;16.11.2022 20:28:46;1579;237;240;338;339;247;178;236;35;36;51;51;37;27;2074;D;14,19;30,83;62;401;401;117;70;83;65;41;25;64,82;11,66;12,91;12,87;8,4;6,36;4,32;8,29;9,71;1,61;5,38;40;96;24;73;16;26;126;3,98;-5,95;90;15;616;92;755;113;119;194,57;59,91;74,24;58;2,42;29,13;8,97;11,12;8,68;0,36;90,21;31,93;24,26;25,42;8,61;13,51;4,78;3,63;3,81;1,29;42,64;;;284,78;0;0;440,15;1686,03;4,49;17,2;90;108;122;48;32;42,35;6,34;54;360,4;0;0;;;;0;0;;;;;;;;;;;;;0;34;33;1;0;0;0;0;5,09;4,94;0,15;0;0;0;0;5;3;2;0,75;0,45;0,3;2;0,3;13;13;0;0;0;1,95;1,95;0;0;0;28;7;7;5;9;4,19;1,05;1,05;0,75;1,35;0;0;11;0;0;0;11;1,65;0;0;0;1,65;0;0;9;1,35;35;20;15;5,24;2,99;2,25;63;0;6;17;15;16;9;9,43;0;0,9;2,55;2,25;2,4;1,35;15;7;2;6;0;0;2,25;1,05;0,3;0,9;0;0;15;2;13;2,25;0,3;1,95
Goalies;;Period 3;194;Period;16.11.2022 22:03:20;16.11.2022;16.11.2022;22:03:20;21:03:20;16.11.2022 21:03:20;16.11.2022 21:28:46;16.11.2022;16.11.2022;21:28:46;20:28:46;16.11.2022 20:28:46;282;280;2;0;0;0;0;14;14;0;0;0;0;0;2074;Goalkeeper;0,85;12,99;26;1200;1200;1199;1;0;0;0;0;50,43;33,55;10,39;3,4;2;0,87;0,23;0;2,52;0,42;3,3;12;136;0;29;1;4;1018;2,8;-2,45;0;0;5;0;3;0;2;240,71;174,22;59,21;7,27;0;12,04;8,71;2,96;0,36;0;127,09;100,29;24,68;2,12;0;6,36;5,02;1,23;0,11;0;18,39;;;367,8;0;0;29,04;756,16;0,34;8,9;1;81;5;0;1113;8,33;0,42;2,8;55,8;0;0;;;;0;0;;;;;;;;;;;;;0;5;5;0;0;0;0;0;0,25;0,25;0;0;0;0;0;0;0;0;0;0;0;0;0;0;0;0;0;0;0;0;0;0;0;1;1;0;0;0;0,05;0,05;0;0;0;6;0,3;0;0;0;0;0;0;0;0;0;0;0;0;1;0,05;0;0;0;0;0;0;1;0;1;0;0;0;0;0,05;0;0,05;0;0;0;0;0;0;0;0;0;0;0;0;0;0;0;0;1;1;0;0,05;0,05;0
Offense;;Period 3;194;Period;16.11.2022 22:03:20;16.11.2022;16.11.2022;22:03:20;21:03:20;16.11.2022 21:03:20;16.11.2022 21:28:46;16.11.2022;16.11.2022;21:28:46;20:28:46;16.11.2022 20:28:46;1783;194;177;292;519;288;312;252;27;25;41;74;41;44;2074;F;15,15;32,46;65;424;424;110;52;68;101;49;44;73,98;8,7;14,03;16,64;16,97;10,47;4,75;2,42;10,48;1,75;5,79;81;99;8;95;17;44;80;3,9;-6,59;20;5;910;129;1030;146;170;209,47;70,98;69,63;59,64;9,21;29,66;10,05;9,86;8,45;1,3;97,78;30,42;20,33;33,69;13,33;13,85;4,31;2,88;4,77;1,89;43,51;;;307,24;0;0;363,67;1347,37;4,85;17,96;120;82;119;60;42;36,68;5,19;44,1;311,4;0;0;;;;0;0;;;;;;;;;;;;;0;32;29;3;0;0;0;0;4,53;4,11;0,42;0;0;0;0;11;7;4;1,56;0,99;0,57;2;0,28;14;14;0;0;0;1,98;1,98;0;0;0;32;4;7;8;13;4,53;0,57;0,99;1,13;1,84;0;0;4;0;0;0;4;0,57;0;0;0;0,57;1;0,14;8;1,13;18;10;8;2,55;1,42;1,13;65;0;10;10;18;13;14;9,2;0;1,42;1,42;2,55;1,84;1,98;19;7;9;2;1;0;2,69;0,99;1,27;0,28;0,14;0;29;6;23;4,11;0,85;3,26
Offense;;Period 3;194;Period;16.11.2022 22:03:20;16.11.2022;16.11.2022;22:03:20;21:03:20;16.11.2022 21:03:20;16.11.2022 21:28:46;16.11.2022;16.11.2022;21:28:46;20:28:46;16.11.2022 20:28:46;1354;272;169;275;340;202;96;218;44;27;44;55;33;15;2074;F;13,08;28,46;57;373;373;142;50;66;67;34;14;90,61;3,81;10,55;13,39;14,83;12,98;9,5;25,55;14,58;2,42;9,1;63;69;65;66;30;50;31;3,89;-5,61;134;41;504;81;653;105;107;183,8;62,62;61,12;55,94;4,12;29,58;10,08;9,84;9;0,66;92,89;25,47;21,91;26,36;19,15;14,95;4,1;3,53;4,24;3,08;44,53;;;276,69;0;0;382,5;1539,98;4,2;16,92;94;106;102;33;38;34,11;5,49;46,2;287;0;0;;;;0;0;;;;;;;;;;;;;0;33;31;2;0;0;0;0;5,31;4,99;0,32;0;0;0;0;9;4;5;1,45;0,64;0,8;10;1,61;9;9;0;0;0;1,45;1,45;0;0;0;33;8;4;5;16;5,31;1,29;0,64;0,8;2,58;0;0;18;0;0;0;18;2,9;0;0;0;2,9;6;0,97;8;1,29;28;15;13;4,51;2,41;2,09;55;0;8;14;13;15;5;8,85;0;1,29;2,25;2,09;2,41;0,8;6;1;4;1;0;0;0,97;0,16;0,64;0,16;0;0;19;3;16;3,06;0,48;2,58
Defense;;Period 3;194;Period;16.11.2022 22:03:20;16.11.2022;16.11.2022;22:03:20;21:03:20;16.11.2022 21:03:20;16.11.2022 21:28:46;16.11.2022;16.11.2022;21:28:46;20:28:46;16.11.2022 20:28:46;1597;278;259;301;441;187;131;218;38;35;41;60;26;18;2074;D;13,08;28,56;57;440;440;154;78;72;85;32;19;73,19;11,92;13,77;13,44;13,22;10,09;6,65;4,11;9,99;1,67;6,87;62;102;12;82;24;43;114;3,51;-5,24;20;6;624;85;770;105;132;223,34;71,13;76,33;75,88;0;30,47;9,71;10,41;10,35;0;107,28;30,31;24,8;41,5;10,67;14,64;4,14;3,38;5,66;1,46;45,11;;;330,63;0;0;388,63;1566,69;4,22;17,03;94;124;122;50;50;40,66;5,55;46,7;342,2;0;0;;;;0;0;;;;;;;;;;;;;0;41;38;3;0;0;0;0;5,59;5,18;0,41;0;0;0;0;5;3;2;0,68;0,41;0,27;3;0,41;15;15;0;0;0;2,05;2,05;0;0;0;42;6;11;13;12;5,73;0,82;1,5;1,77;1,64;0;0;5;0;0;0;5;0,68;0;0;0;0,68;2;0,27;9;1,23;34;19;15;4,64;2,59;2,05;66;0;11;17;14;13;11;9,01;0;1,5;2,32;1,91;1,77;1,5;11;5;4;2;0;0;1,5;0,68;0,55;0,27;0;0;25;5;20;3,41;0,68;2,73
Offense;;Period 3;194;Period;16.11.2022 22:03:20;16.11.2022;16.11.2022;22:03:20;21:03:20;16.11.2022 21:03:20;16.11.2022 21:28:46;16.11.2022;16.11.2022;21:28:46;20:28:46;16.11.2022 20:28:46;1981;121;112;210;594;537;407;295;18;17;31;88;80;61;2074;F;17,68;32,87;66;403;403;65;31;48;113;88;58;84,14;4,79;10,78;17,09;18,09;15,07;8,11;10,2;12,52;2,09;8,39;79;75;30;91;28;59;41;4,16;-5,87;89;14;1285;191;1335;199;224;195,41;76,32;75,09;40,12;3,88;29,07;11,35;11,17;5,97;0,58;90,15;27,76;20,09;32,11;10,18;13,41;4,13;2,99;4,78;1,51;42,48;;;285,55;0;0;459,02;2034,4;5,53;24,51;151;59;99;73;21;44,32;6,59;57;382,9;0;0;;;;0;0;;;;;;;;;;;;;0;28;25;2;1;0;0;0;4,17;3,72;0,3;0,15;0;0;0;11;5;6;1,64;0,74;0,89;3;0,45;4;4;0;0;0;0,6;0,6;0;0;0;31;4;7;8;12;4,61;0,6;1,04;1,19;1,79;0;0;11;0;0;0;11;1,64;0;0;0;1,64;0;0;8;1,19;17;9;8;2,53;1,34;1,19;66;0;6;6;14;18;22;9,82;0;0,89;0,89;2,08;2,68;3,27;28;11;11;5;1;0;4,17;1,64;1,64;0,74;0,15;0;32;5;27;4,76;0,74;4,02
Defense;;Period 3;194;Period;16.11.2022 22:03:20;16.11.2022;16.11.2022;22:03:20;21:03:20;16.11.2022 21:03:20;16.11.2022 21:28:46;16.11.2022;16.11.2022;21:28:46;20:28:46;16.11.2022 20:28:46;1527;220;277;341;477;119;93;218;31;40;49;68;17;13;2074;D;13,07;29,27;59;420;420;97;91;100;98;22;13;61,83;12,12;15,68;15,14;8,7;5,24;2,63;2,33;8,82;1,44;5,86;45;127;9;109;10;19;101;3,72;-4,05;11;5;323;46;465;66;47;108,39;50,36;36,21;21,58;0,24;15,47;7,19;5,17;3,08;0,03;41,16;16,23;9,36;10,12;5,45;5,87;2,32;1,34;1,44;0,78;21,34;;;149,55;0;0;405,33;1676,02;4,55;18,83;96;105;160;42;16;36,71;5,24;45,2;316,5;0;0;;;;0;0;;;;;;;;;;;;;0;11;11;0;0;0;0;0;1,57;1,57;0;0;0;0;0;1;0;1;0,14;0;0,14;2;0,29;2;2;0;0;0;0,29;0,29;0;0;0;8;0;1;1;6;1,14;0;0,14;0,14;0,86;0;0;3;0;0;0;3;0,43;0;0;0;0,43;1;0,14;9;1,28;33;21;12;4,71;3;1,71;47;0;6;20;14;4;3;6,71;0;0,86;2,85;2;0,57;0,43;5;2;1;2;0;0;0,71;0,29;0,14;0,29;0;0;12;3;9;1,71;0,43;1,28
Defense;;Period 3;194;Period;16.11.2022 22:03:20;16.11.2022;16.11.2022;22:03:20;21:03:20;16.11.2022 21:03:20;16.11.2022 21:28:46;16.11.2022;16.11.2022;21:28:46;20:28:46;16.11.2022 20:28:46;782;116;85;109;233;140;100;238;35;26;33;71;42;30;2074;F;14,26;28,13;56;197;197;63;24;27;44;24;15;31,62;4,71;7,64;7,5;5,82;4,03;1,59;0,32;9,61;1,6;3,87;29;54;1;45;6;17;45;3,66;-5,13;0;0;380;115;386;117;73;105,09;23,7;39,57;40,36;1,45;31,93;7,2;12,02;12,26;0,44;49,01;16,21;10,92;14,72;7,15;14,89;4,93;3,32;4,47;2,17;46,82;;;154,1;0;0;379,05;1771,61;4,8;22,43;37;51;56;34;19;17,84;5,42;43,7;143,9;0;0;;;;0;0;;;;;;;;;;;;;0;17;17;0;0;0;0;0;5,17;5,17;0;0;0;0;0;7;4;3;2,13;1,22;0,91;0;0;7;7;0;0;0;2,13;2,13;0;0;0;12;2;2;2;6;3,65;0,61;0,61;0,61;1,82;0;0;0;0;0;0;0;0;0;0;0;0;0;0;4;1,22;15;7;8;4,56;2,13;2,43;33;0;1;9;4;9;10;10,03;0;0,3;2,73;1,22;2,73;3,04;11;4;6;1;0;0;3,34;1,22;1,82;0,3;0;0;16;4;12;4,86;1,22;3,65
Offense;;Period 3;194;Period;16.11.2022 22:03:20;16.11.2022;16.11.2022;22:03:20;21:03:20;16.11.2022 21:03:20;16.11.2022 21:28:46;16.11.2022;16.11.2022;21:28:46;20:28:46;16.11.2022 20:28:46;0;;;;;;;;;;;;;;2074;F;;;0;0;0;;;;;;;0;;;;;;;;;;;;;;;;;;;;0;0;0;;0;;0;0;0;0;0;0;;;;;;0;0;0;0;0;;;;;;;;;0;0;0;;;;;;;;;;0;;;0;0;0;;;;0;0;;;;;;;;;;;;;0;0;0;0;0;0;0;0;0;0;0;0;0;0;0;0;0;0;0;0;0;0;0;0;0;0;0;0;0;0;0;0;0;0;0;0;0;0;0;0;0;0;0;0;0;0;0;0;0;0;0;0;0;0;0;0;0;0;0;0;0;0;0;0;0;0;0;0;0;0;0;0;0;0;0;0;0;0;0;0;0;0;0;0;0;0;0;0;0;0;0;0;0;0;0;0;0
Defense;;Period 3;194;Period;16.11.2022 22:03:20;16.11.2022;16.11.2022;22:03:20;21:03:20;16.11.2022 21:03:20;16.11.2022 21:28:46;16.11.2022;16.11.2022;21:28:46;20:28:46;16.11.2022 20:28:46;2030;291;317;348;520;289;266;238;34;37;41;61;34;31;2074;D;14,27;30,6;61;512;512;153;92;83;101;48;35;81,04;14,18;14,59;17,51;13,66;9,29;6,64;5,16;9,49;1,58;6,45;65;110;17;98;26;38;158;3,92;-7,2;45;7;837;98;1011;118;157;233,97;90,97;78,39;58,79;5,82;27,41;10,66;9,18;6,89;0,68;109,16;37,91;22,04;34,9;14,3;12,79;4,44;2,58;4,09;1,68;40,2;;;343,13;0;0;406,62;1693,68;4,42;18,41;125;127;157;54;49;49,44;5,79;51;435;0;0;;;;0;0;;;;;;;;;;;;;0;36;34;2;0;0;0;0;4,22;3,98;0,23;0;0;0;0;10;3;7;1,17;0,35;0,82;4;0,47;10;10;0;0;0;1,17;1,17;0;0;0;39;5;6;13;15;4,57;0,59;0,7;1,52;1,76;0;0;8;0;0;0;8;0,94;0;0;0;0,94;0;0;11;1,29;35;16;19;4,1;1,87;2,23;71;0;10;18;19;17;7;8,32;0;1,17;2,11;2,23;1,99;0,82;16;7;5;4;0;0;1,87;0,82;0,59;0,47;0;0;36;3;33;4,22;0,35;3,87
Offense;;Period 3;194;Period;16.11.2022 22:03:20;16.11.2022;16.11.2022;22:03:20;21:03:20;16.11.2022 21:03:20;16.11.2022 21:28:46;16.11.2022;16.11.2022;21:28:46;20:28:46;16.11.2022 20:28:46;956;144;87;91;222;247;164;245;37;22;23;57;63;42;2074;F;14,68;30,66;61;235;235;80;24;21;45;40;24;47,33;3,81;6,2;8,74;9,99;8,82;4,81;4,96;12,11;2,02;8,05;46;42;14;46;16;35;34;3,29;-5,23;18;5;554;142;608;156;105;124,91;42,54;47,94;34,42;0;31,95;10,88;12,26;8,81;0;57,11;15,22;11,65;18,6;11,64;14,61;3,89;2,98;4,76;2,98;46,56;;;182,01;0;0;404,01;1342,42;4,81;15,98;69;53;52;37;23;22,63;5,79;47,9;187,1;0;0;;;;0;0;;;;;;;;;;;;;0;19;19;0;0;0;0;0;4,86;4,86;0;0;0;0;0;3;1;2;0,77;0,26;0,51;3;0,77;7;7;0;0;0;1,79;1,79;0;0;0;18;4;2;1;11;4,6;1,02;0,51;0,26;2,81;0;0;4;0;0;0;4;1,02;0;0;0;1,02;2;0,51;5;1,28;10;7;3;2,56;1,79;0,77;32;0;3;3;9;8;9;8,19;0;0,77;0,77;2,3;2,05;2,3;14;8;4;2;0;0;3,58;2,05;1,02;0,51;0;0;6;1;5;1,53;0,26;1,28
Offense;;Period 3;194;Period;16.11.2022 22:03:20;16.11.2022;16.11.2022;22:03:20;21:03:20;16.11.2022 21:03:20;16.11.2022 21:28:46;16.11.2022;16.11.2022;21:28:46;20:28:46;16.11.2022 20:28:46;1636;194;189;283;392;265;313;243;29;28;42;58;39;47;2074;F;14,6;33,45;67;403;403;117;55;67;76;43;45;69,42;9,13;13,92;12,3;11,36;8,99;5,71;8,01;10,33;1,73;6,82;53;106;24;65;20;32;103;3,49;-6,33;35;12;777;116;830;123;145;188,84;60,48;63,88;64,48;0;28,09;9;9,5;9,59;0;97;34,18;21,98;26,54;14,3;14,43;5,08;3,27;3,95;2,13;42,53;;;285,85;0;0;429,52;3088,86;4,62;33,21;92;92;118;56;45;42,69;6,35;52,7;354,3;0;0;;;;0;0;;;;;;;;;;;;;0;26;26;0;0;0;0;0;3,87;3,87;0;0;0;0;0;2;1;1;0,3;0,15;0,15;4;0,6;11;11;0;0;0;1,64;1,64;0;0;0;26;3;5;9;9;3,87;0,45;0,74;1,34;1,34;0;0;10;0;0;0;10;1,49;0;0;0;1,49;3;0,45;8;1,19;17;7;10;2,53;1,04;1,49;52;0;5;9;14;10;14;7,74;0;0,74;1,34;2,08;1,49;2,08;19;4;9;4;2;0;2,83;0,6;1,34;0,6;0,3;0;18;3;15;2,68;0,45;2,23
Offense;;Period 3;194;Period;16.11.2022 22:03:20;16.11.2022;16.11.2022;22:03:20;21:03:20;16.11.2022 21:03:20;16.11.2022 21:28:46;16.11.2022;16.11.2022;21:28:46;20:28:46;16.11.2022 20:28:46;1614;165;151;311;501;295;191;251;26;23;48;78;46;30;2074;F;15,08;32,78;66;385;385;88;45;75;100;49;27;65,49;9,21;11,46;13,16;13,47;8,85;5,39;3,93;10,2;1,71;6,28;64;80;15;71;18;39;97;3,47;-4,92;13;4;735;115;841;131;136;173,72;66,06;60,57;47,09;0;27,06;10,29;9,43;7,33;0;83,59;29,82;18,65;24,33;10,79;13,02;4,64;2,9;3,79;1,68;40,07;;;257,31;0;0;400,29;1221,57;4,77;14,54;105;78;123;51;28;37,22;5,8;49,2;315,7;0;0;;;;0;0;;;;;;;;;;;;;0;26;26;0;0;0;0;0;4,05;4,05;0;0;0;0;0;4;1;3;0,62;0,16;0,47;3;0,47;11;11;0;0;0;1,71;1,71;0;0;0;26;6;4;7;9;4,05;0,93;0,62;1,09;1,4;0;0;3;0;0;0;3;0,47;0;0;0;0,47;0;0;8;1,25;16;6;10;2,49;0,93;1,56;50;0;4;7;15;14;10;7,79;0;0,62;1,09;2,34;2,18;1,56;14;6;4;2;2;0;2,18;0,93;0,62;0,31;0,31;0;30;4;26;4,67;0,62;4,05
Offense;;Period 3;194;Period;16.11.2022 22:03:20;16.11.2022;16.11.2022;22:03:20;21:03:20;16.11.2022 21:03:20;16.11.2022 21:28:46;16.11.2022;16.11.2022;21:28:46;20:28:46;16.11.2022 20:28:46;538;45;44;97;204;91;58;263;22;22;47;100;44;28;2074;F;15,81;27,31;55;123;123;25;13;22;39;15;8;27,17;1,59;2,92;5,09;5,04;4,1;3,47;4,95;13,29;2,23;7,31;21;18;14;28;11;16;14;3,28;-3,66;23;7;240;117;298;146;47;58,3;17,85;23;17,45;0;28,52;8,73;11,25;8,54;0;29,39;8,51;7,76;11,54;1,58;14,38;4,17;3,79;5,65;0,77;42,9;;;87,69;0;0;451,64;1473,42;4,96;16,19;35;26;37;18;8;13,24;6,47;55,8;114,1;0;0;;;;0;0;;;;;;;;;;;;;0;12;12;0;0;0;0;0;5,87;5,87;0;0;0;0;0;6;3;3;2,94;1,47;1,47;2;0,98;2;2;0;0;0;0,98;0,98;0;0;0;9;2;0;2;5;4,4;0,98;0;0,98;2,45;0;0;7;0;0;0;7;3,42;0;0;0;3,42;1;0,49;3;1,47;15;3;12;7,34;1,47;5,87;18;0;0;1;8;6;3;8,81;0;0;0,49;3,91;2,94;1,47;7;5;2;0;0;0;3,42;2,45;0,98;0;0;0;7;0;7;3,42;0;3,42
Offense;;Period 3;194;Period;16.11.2022 22:03:20;16.11.2022;16.11.2022;22:03:20;21:03:20;16.11.2022 21:03:20;16.11.2022 21:28:46;16.11.2022;16.11.2022;21:28:46;20:28:46;16.11.2022 20:28:46;634;114;103;143;186;40;48;222;40;36;50;65;14;17;2074;F;13,33;29,35;59;171;171;56;31;33;38;7;7;34,75;3,28;5,38;4,82;5,59;5,7;6,03;3,95;12,18;2,02;4,51;27;37;12;28;22;22;26;4,54;-5,33;10;4;205;72;305;107;48;99,95;27,41;30,85;34,67;7,03;35,04;9,61;10,81;12,15;2,46;46,4;10,56;9,42;18,78;7,64;16,27;3,7;3,3;6,58;2,68;51,31;;;146,36;0;0;420,01;1754,81;4,52;18,87;39;45;50;23;15;17,22;6,04;48,1;137,3;0;0;;;;0;0;;;;;;;;;;;;;0;17;14;2;1;0;0;0;5,96;4,91;0,7;0,35;0;0;0;6;3;3;2,1;1,05;1,05;3;1,05;5;5;0;0;0;1,75;1,75;0;0;0;15;1;3;4;7;5,26;0,35;1,05;1,4;2,45;0;0;4;0;0;0;4;1,4;0;0;0;1,4;0;0;3;1,05;5;3;2;1,75;1,05;0,7;34;0;9;4;16;2;3;11,92;0;3,16;1,4;5,61;0,7;1,05;4;0;3;1;0;0;1,4;0;1,05;0,35;0;0;4;0;4;1,4;0;1,4
Defense;;Overtime;194;Period;16.11.2022 22:09:28;16.11.2022;16.11.2022;22:09:28;21:09:28;16.11.2022 21:09:28;16.11.2022 22:07:19;16.11.2022;16.11.2022;22:07:19;21:07:19;16.11.2022 21:07:19;0;;;;;;;;;;;;;;129;D;;;0;0;0;;;;;;;0;;;;;;;;;;;;;;;;;;;;0;0;0;;0;;0;0;0;0;0;0;;;;;;0;0;0;0;0;;;;;;;;;0;0;0;;;;;;;;;;0;;;0;0;0;;;;0;0;;;;;;;;;;;;;0;0;0;0;0;0;0;0;0;0;0;0;0;0;0;0;0;0;0;0;0;0;0;0;0;0;0;0;0;0;0;0;0;0;0;0;0;0;0;0;0;0;0;0;0;0;0;0;0;0;0;0;0;0;0;0;0;0;0;0;0;0;0;0;0;0;0;0;0;0;0;0;0;0;0;0;0;0;0;0;0;0;0;0;0;0;0;0;0;0;0;0;0;0;0;0;0
Offense;;Overtime;194;Period;16.11.2022 22:09:28;16.11.2022;16.11.2022;22:09:28;21:09:28;16.11.2022 21:09:28;16.11.2022 22:07:19;16.11.2022;16.11.2022;22:07:19;21:07:19;16.11.2022 21:07:19;0;;;;;;;;;;;;;;129;F;;;0;0;0;;;;;;;0;;;;;;;;;;;;;;;;;;;;0;0;0;;0;;0;0;0;0;0;0;;;;;;0;0;0;0;0;;;;;;;;;0;0;0;;;;;;;;;;0;;;0;0;0;;;;0;0;;;;;;;;;;;;;0;0;0;0;0;0;0;0;0;0;0;0;0;0;0;0;0;0;0;0;0;0;0;0;0;0;0;0;0;0;0;0;0;0;0;0;0;0;0;0;0;0;0;0;0;0;0;0;0;0;0;0;0;0;0;0;0;0;0;0;0;0;0;0;0;0;0;0;0;0;0;0;0;0;0;0;0;0;0;0;0;0;0;0;0;0;0;0;0;0;0;0;0;0;0;0;0
Offense;;Overtime;194;Period;16.11.2022 22:09:28;16.11.2022;16.11.2022;22:09:28;21:09:28;16.11.2022 21:09:28;16.11.2022 22:07:19;16.11.2022;16.11.2022;22:07:19;21:07:19;16.11.2022 21:07:19;72;6;3;7;21;12;23;309;25;14;30;89;52;99;129;F;18,57;31,85;64;14;14;2;1;2;4;2;4;3,88;0,01;0,25;0,22;0,65;1,04;0,8;0,91;16,69;2,82;4,12;2;2;3;1;3;4;0;3,59;-1,92;6;1;52;223;58;249;8;11,55;3;4,55;4;0;49,66;12,9;19,55;17,2;0;1,73;0,45;0,85;0,42;0;7,43;1,95;3,65;1,82;0;57,09;;;13,27;0;0;597,35;1424,81;6,87;16,38;4;2;1;6;1;1,99;8,55;62,7;14,6;0;0;;;;0;0;;;;;;;;;;;;;0;3;3;0;0;0;0;0;12,9;12,9;0;0;0;0;0;0;0;0;0;0;0;0;0;1;1;0;0;0;4,3;4,3;0;0;0;2;1;0;0;1;8,6;4,3;0;0;4,3;0;0;1;0;0;0;1;4,3;0;0;0;4,3;0;0;1;4,3;2;1;1;8,6;4,3;4,3;1;0;0;0;1;0;0;4,3;0;0;0;4,3;0;0;1;0;0;0;1;0;4,3;0;0;0;4,3;0;0;0;0;0;0;0
Offense;;Overtime;194;Period;16.11.2022 22:09:28;16.11.2022;16.11.2022;22:09:28;21:09:28;16.11.2022 21:09:28;16.11.2022 22:07:19;16.11.2022;16.11.2022;22:07:19;21:07:19;16.11.2022 21:07:19;161;10;3;30;74;27;18;290;19;6;53;132;48;32;129;F;17,39;25,29;51;33;33;4;1;7;14;5;3;5,17;0,68;1,28;1,71;0,92;0,29;0,14;0,16;9,29;1,57;3,95;5;9;1;10;1;1;7;1,6;-3,05;0;0;59;106;84;150;11;13,88;10,06;3,82;0;0;24,93;18,07;6,86;0;0;4,03;1,88;1,06;1,09;0;7,24;3,37;1,91;1,96;0;32,17;;;17,91;0;0;423,28;1143,66;5,16;13,95;13;4;13;3;0;3,38;6,07;55,3;30,8;0;0;;;;0;0;;;;;;;;;;;;;0;1;1;0;0;0;0;0;1,8;1,8;0;0;0;0;0;0;0;0;0;0;0;0;0;0;0;0;0;0;0;0;0;0;0;1;0;1;0;0;1,8;0;1,8;0;0;0;0;0;0;0;0;0;0;0;0;0;0;0;0;1;1,8;2;1;1;3,59;1,8;1,8;5;0;0;0;1;1;3;8,98;0;0;0;1,8;1,8;5,39;2;1;1;0;0;0;3,59;1,8;1,8;0;0;0;3;0;3;5,39;0;5,39
Defense;;Overtime;194;Period;16.11.2022 22:09:28;16.11.2022;16.11.2022;22:09:28;21:09:28;16.11.2022 21:09:28;16.11.2022 22:07:19;16.11.2022;16.11.2022;22:07:19;21:07:19;16.11.2022 21:07:19;0;;;;;;;;;;;;;;129;D;;;0;0;0;;;;;;;0;;;;;;;;;;;;;;;;;;;;0;0;0;;0;;0;0;0;0;0;0;;;;;;0;0;0;0;0;;;;;;;;;0;0;0;;;;;;;;;;0;;;0;0;0;;;;0;0;;;;;;;;;;;;;0;0;0;0;0;0;0;0;0;0;0;0;0;0;0;0;0;0;0;0;0;0;0;0;0;0;0;0;0;0;0;0;0;0;0;0;0;0;0;0;0;0;0;0;0;0;0;0;0;0;0;0;0;0;0;0;0;0;0;0;0;0;0;0;0;0;0;0;0;0;0;0;0;0;0;0;0;0;0;0;0;0;0;0;0;0;0;0;0;0;0;0;0;0;0;0;0
Defense;;Overtime;194;Period;16.11.2022 22:09:28;16.11.2022;16.11.2022;22:09:28;21:09:28;16.11.2022 21:09:28;16.11.2022 22:07:19;16.11.2022;16.11.2022;22:07:19;21:07:19;16.11.2022 21:07:19;60;7;7;10;10;15;10;256;31;31;45;42;66;41;129;D;15,36;27,37;55;14;14;3;2;2;2;3;2;2,96;0,28;0,36;0,38;1,08;0,38;0,11;0,37;12,75;2,08;4,33;4;3;1;2;0;2;1;2,93;-2,5;5;1;38;163;41;175;8;12,61;1,76;4,06;6,79;0;54,22;7,56;17,46;29,19;0;3,12;0,58;0,73;1,82;0;13,42;2,48;3,13;7,82;0;67,64;;;15,73;0;0;574,89;1741,18;5,87;17,77;3;2;3;4;2;1,92;8,24;58,4;13,6;0;0;;;;0;0;;;;;;;;;;;;;0;3;3;0;0;0;0;0;12,9;12,9;0;0;0;0;0;0;0;0;0;0;0;0;0;0;0;0;0;0;0;0;0;0;0;1;0;0;1;0;4,3;0;0;4,3;0;0;0;1;0;0;0;1;4,3;0;0;0;4,3;0;0;1;4,3;1;0;1;4,3;0;4,3;2;0;0;0;0;0;2;8,6;0;0;0;0;0;8,6;2;1;1;0;0;0;8,6;4,3;4,3;0;0;0;0;0;0;0;0;0
Goalies;;Overtime;194;Period;16.11.2022 22:09:28;16.11.2022;16.11.2022;22:09:28;21:09:28;16.11.2022 21:09:28;16.11.2022 22:07:19;16.11.2022;16.11.2022;22:07:19;21:07:19;16.11.2022 21:07:19;21;21;0;0;0;0;0;14;14;0;0;0;0;0;129;Goalkeeper;0,81;7,44;15;92;92;92;0;0;0;0;0;4;2,72;0,85;0,27;0,15;0;0;0;2,6;0,42;2,21;1;10;0;3;0;0;79;1,83;-1,44;0;0;0;0;0;0;0;20,3;13,82;5,64;0,85;0;13,18;8,97;3,66;0,55;0;9,54;7,09;2,45;0;0;6,2;4,6;1,59;0;0;19,38;;;29,85;0;0;28,02;284,79;0,33;3,35;0;8;0;0;84;0,62;0,4;2,7;4,1;0;0;;;;0;0;;;;;;;;;;;;;0;0;0;0;0;0;0;0;0;0;0;0;0;0;0;0;0;0;0;0;0;0;0;0;0;0;0;0;0;0;0;0;0;0;0;0;0;0;0;0;0;0;0;1;0,65;0;0;0;0;0;0;0;0;0;0;0;0;1;0,65;0;0;0;0;0;0;0;0;0;0;0;0;0;0;0;0;0;0;0;0;0;0;0;0;0;0;0;0;0;0;0;0;0;0;0;0;0;0
Offense;;Overtime;194;Period;16.11.2022 22:09:28;16.11.2022;16.11.2022;22:09:28;21:09:28;16.11.2022 21:09:28;16.11.2022 22:07:19;16.11.2022;16.11.2022;22:07:19;21:07:19;16.11.2022 21:07:19;143;5;4;5;68;15;47;302;10;8;10;144;32;99;129;F;18,15;29,4;59;28;28;4;1;1;12;3;8;4,37;0,87;0,63;1,04;1,33;0,5;0;0;9,22;1,55;2,93;6;6;0;7;0;2;7;2,5;-3,76;0;0;78;165;86;182;14;11,36;3,48;5,82;2,06;0;23,96;7,35;12,27;4,35;0;5,23;2,68;0,85;0,85;0,85;11,02;5,66;1,79;1,79;1,79;34,99;;;16,59;0;0;437,69;941,16;5,84;12,55;9;2;8;7;2;3,24;6,84;52,8;25,1;0;0;;;;0;0;;;;;;;;;;;;;0;2;2;0;0;0;0;0;4,22;4,22;0;0;0;0;0;0;0;0;0;0;0;0;0;0;0;0;0;0;0;0;0;0;0;1;0;0;0;1;2,11;0;0;0;2,11;0;0;0;0;0;0;0;0;0;0;0;0;0;0;1;2,11;0;0;0;0;0;0;1;0;0;0;0;0;1;2,11;0;0;0;0;0;2,11;2;1;0;1;0;0;4,22;2,11;0;2,11;0;0;1;0;1;2,11;0;2,11
Offense;;Overtime;194;Period;16.11.2022 22:09:28;16.11.2022;16.11.2022;22:09:28;21:09:28;16.11.2022 21:09:28;16.11.2022 22:07:19;16.11.2022;16.11.2022;22:07:19;21:07:19;16.11.2022 21:07:19;0;;;;;;;;;;;;;;129;F;;;0;0;0;;;;;;;0;;;;;;;;;;;;;;;;;;;;0;0;0;;0;;0;0;0;0;0;0;;;;;;0;0;0;0;0;;;;;;;;;0;0;0;;;;;;;;;;0;;;0;0;0;;;;0;0;;;;;;;;;;;;;0;0;0;0;0;0;0;0;0;0;0;0;0;0;0;0;0;0;0;0;0;0;0;0;0;0;0;0;0;0;0;0;0;0;0;0;0;0;0;0;0;0;0;0;0;0;0;0;0;0;0;0;0;0;0;0;0;0;0;0;0;0;0;0;0;0;0;0;0;0;0;0;0;0;0;0;0;0;0;0;0;0;0;0;0;0;0;0;0;0;0;0;0;0;0;0;0
Defense;;Overtime;194;Period;16.11.2022 22:09:28;16.11.2022;16.11.2022;22:09:28;21:09:28;16.11.2022 21:09:28;16.11.2022 22:07:19;16.11.2022;16.11.2022;22:07:19;21:07:19;16.11.2022 21:07:19;26;2;0;3;14;8;0;334;20;0;43;175;97;0;129;D;20,04;22,51;45;5;5;0;0;1;3;1;0;1,08;0;0;0;0,47;0,44;0,17;0;13,75;2,59;3,2;2;0;0;0;0;2;0;2,21;-2,69;0;0;13;162;16;207;2;2,7;0,76;1,45;0,48;0;34,43;9,67;18,57;6,19;0;1,14;0,35;0,18;0,61;0;14,5;4,45;2,32;7,74;0;48,93;;;3,83;0;0;576,14;1254,47;6,26;13,64;1;0;2;2;0;0,65;8,29;71,6;5,6;0;0;;;;0;0;;;;;;;;;;;;;0;0;0;0;0;0;0;0;0;0;0;0;0;0;0;0;0;0;0;0;0;0;0;0;0;0;0;0;0;0;0;0;0;0;0;0;0;0;0;0;0;0;0;0;0;0;0;0;0;0;0;0;0;0;0;0;0;1;12,77;0;0;0;0;0;0;1;0;0;0;0;1;0;12,77;0;0;0;0;12,77;0;0;0;0;0;0;0;0;0;0;0;0;0;0;0;0;0;0;0
Offense;;Overtime;194;Period;16.11.2022 22:09:28;16.11.2022;16.11.2022;22:09:28;21:09:28;16.11.2022 21:09:28;16.11.2022 22:07:19;16.11.2022;16.11.2022;22:07:19;21:07:19;16.11.2022 21:07:19;254;11;7;21;88;85;43;298;13;8;24;103;100;51;129;F;17,9;26,16;52;51;51;7;2;5;17;14;7;10,74;0,42;1,22;3,33;2,46;1,66;0,83;0,82;12,62;2,09;4,87;10;8;3;17;3;7;2;1,91;-3,74;2;1;171;200;180;212;30;21,79;9,55;10,06;2,18;0;25,61;11,22;11,82;2,56;0;10,82;4,15;1,58;4,24;0,85;12,71;4,88;1,85;4,98;1;38,32;;;32,6;0;0;447,07;1142,4;5,39;13,76;23;4;13;7;4;5,45;6,41;57,7;49,1;0;0;;;;0;0;;;;;;;;;;;;;0;3;3;0;0;0;0;0;3,53;3,53;0;0;0;0;0;0;0;0;0;0;0;0;0;0;0;0;0;0;0;0;0;0;0;3;0;0;2;1;3,53;0;0;2,35;1,18;0;0;1;0;0;0;1;1,18;0;0;0;1,18;0;0;1;1,18;1;0;1;1,18;0;1,18;6;0;0;0;0;4;2;7,05;0;0;0;0;4,7;2,35;5;3;2;0;0;0;5,88;3,53;2,35;0;0;0;4;0;4;4,7;0;4,7
Defense;;Overtime;194;Period;16.11.2022 22:09:28;16.11.2022;16.11.2022;22:09:28;21:09:28;16.11.2022 21:09:28;16.11.2022 22:07:19;16.11.2022;16.11.2022;22:07:19;21:07:19;16.11.2022 21:07:19;92;17;31;38;6;0;0;203;38;68;84;12;0;0;129;D;12,2;19,15;38;27;27;8;8;10;2;0;0;4,17;0,83;1,24;0,67;0,5;0,5;0,43;0;9,19;1,38;3,47;2;8;0;4;1;2;11;2,05;-1,92;0;0;1;3;12;26;0;8,32;4,2;1,94;2,18;0;18,35;9,26;4,28;4,81;0;3,32;1,77;0,52;1,03;0;7,32;3,91;1,14;2,27;0;25,67;;;11,64;0;0;322,91;960,82;3,63;10,8;2;12;12;1;0;2,17;4,78;42,1;19,1;0;0;;;;0;0;;;;;;;;;;;;;0;1;1;0;0;0;0;0;2,21;2,21;0;0;0;0;0;0;0;0;0;0;0;0;0;0;0;0;0;0;0;0;0;0;0;0;0;0;0;0;0;0;0;0;0;0;0;0;0;0;0;0;0;0;0;0;0;0;0;0;0;2;1;1;4,41;2,21;2,21;4;0;1;2;1;0;0;8,82;0;2,21;4,41;2,21;0;0;0;0;0;0;0;0;0;0;0;0;0;0;0;0;0;0;0;0
Defense;;Overtime;194;Period;16.11.2022 22:09:28;16.11.2022;16.11.2022;22:09:28;21:09:28;16.11.2022 21:09:28;16.11.2022 22:07:19;16.11.2022;16.11.2022;22:07:19;21:07:19;16.11.2022 21:07:19;0;;;;;;;;;;;;;;129;F;;;0;0;0;;;;;;;0;;;;;;;;;;;;;;;;;;;;0;0;0;;0;;0;0;0;0;0;0;;;;;;0;0;0;0;0;;;;;;;;;0;0;0;;;;;;;;;;0;;;0;0;0;;;;0;0;;;;;;;;;;;;;0;0;0;0;0;0;0;0;0;0;0;0;0;0;0;0;0;0;0;0;0;0;0;0;0;0;0;0;0;0;0;0;0;0;0;0;0;0;0;0;0;0;0;0;0;0;0;0;0;0;0;0;0;0;0;0;0;0;0;0;0;0;0;0;0;0;0;0;0;0;0;0;0;0;0;0;0;0;0;0;0;0;0;0;0;0;0;0;0;0;0;0;0;0;0;0;0
Offense;;Overtime;194;Period;16.11.2022 22:09:28;16.11.2022;16.11.2022;22:09:28;21:09:28;16.11.2022 21:09:28;16.11.2022 22:07:19;16.11.2022;16.11.2022;22:07:19;21:07:19;16.11.2022 21:07:19;0;;;;;;;;;;;;;;129;F;;;0;0;0;;;;;;;0;;;;;;;;;;;;;;;;;;;;0;0;0;;0;;0;0;0;0;0;0;;;;;;0;0;0;0;0;;;;;;;;;0;0;0;;;;;;;;;;0;;;0;0;0;;;;0;0;;;;;;;;;;;;;0;0;0;0;0;0;0;0;0;0;0;0;0;0;0;0;0;0;0;0;0;0;0;0;0;0;0;0;0;0;0;0;0;0;0;0;0;0;0;0;0;0;0;0;0;0;0;0;0;0;0;0;0;0;0;0;0;0;0;0;0;0;0;0;0;0;0;0;0;0;0;0;0;0;0;0;0;0;0;0;0;0;0;0;0;0;0;0;0;0;0;0;0;0;0;0;0
Defense;;Overtime;194;Period;16.11.2022 22:09:28;16.11.2022;16.11.2022;22:09:28;21:09:28;16.11.2022 21:09:28;16.11.2022 22:07:19;16.11.2022;16.11.2022;22:07:19;21:07:19;16.11.2022 21:07:19;235;19;6;2;62;64;82;306;24;8;3;81;83;107;129;D;18,37;29,59;59;46;46;10;2;1;12;10;12;8,01;0,77;1,53;2,04;2,33;0,99;0,35;0;10,44;1,72;3,27;11;11;0;11;2;5;8;1,88;-3,83;0;0;173;226;148;193;28;17;9,97;6,3;0,73;0;22,17;13;8,22;0,95;0;7,79;4,12;1,61;0,97;1,09;10,16;5,37;2,09;1,26;1,42;32,33;;;24,79;0;0;485,66;1168,89;5,28;12,71;16;4;15;7;3;5,35;6,98;65,6;50,3;0;0;;;;0;0;;;;;;;;;;;;;0;3;3;0;0;0;0;0;3,91;3,91;0;0;0;0;0;0;0;0;0;0;0;0;0;0;0;0;0;0;0;0;0;0;0;1;0;0;0;1;1,3;0;0;0;1,3;0;0;0;0;0;0;0;0;0;0;0;0;0;0;1;1,3;5;4;1;6,52;5,22;1,3;4;0;0;0;0;1;3;5,22;0;0;0;0;1,3;3,91;2;0;1;1;0;0;2,61;0;1,3;1,3;0;0;4;0;4;5,22;0;5,22
Offense;;Overtime;194;Period;16.11.2022 22:09:28;16.11.2022;16.11.2022;22:09:28;21:09:28;16.11.2022 21:09:28;16.11.2022 22:07:19;16.11.2022;16.11.2022;22:07:19;21:07:19;16.11.2022 21:07:19;0;;;;;;;;;;;;;;129;F;;;0;0;0;;;;;;;0;;;;;;;;;;;;;;;;;;;;0;0;0;;0;;0;0;0;0;0;0;;;;;;0;0;0;0;0;;;;;;;;;0;0;0;;;;;;;;;;0;;;0;0;0;;;;0;0;;;;;;;;;;;;;0;0;0;0;0;0;0;0;0;0;0;0;0;0;0;0;0;0;0;0;0;0;0;0;0;0;0;0;0;0;0;0;0;0;0;0;0;0;0;0;0;0;0;0;0;0;0;0;0;0;0;0;0;0;0;0;0;0;0;0;0;0;0;0;0;0;0;0;0;0;0;0;0;0;0;0;0;0;0;0;0;0;0;0;0;0;0;0;0;0;0;0;0;0;0;0;0
Offense;;Overtime;194;Period;16.11.2022 22:09:28;16.11.2022;16.11.2022;22:09:28;21:09:28;16.11.2022 21:09:28;16.11.2022 22:07:19;16.11.2022;16.11.2022;22:07:19;21:07:19;16.11.2022 21:07:19;228;11;5;28;74;62;48;287;14;6;35;93;78;61;129;F;17,22;30,46;61;48;48;9;1;6;15;10;7;8,75;0,96;1,48;2,23;1,62;0,66;0,91;0,89;11;1,83;3,94;9;10;3;11;3;3;9;3,37;-3,61;0;0;143;179;131;165;25;23,06;7,36;7,82;7,88;0;28,98;9,25;9,82;9,9;0;11,63;4,03;2,33;4,42;0,85;14,62;5,06;2,93;5,56;1,07;43,6;;;34,69;0;0;502,84;2720,95;5,41;29,26;12;5;17;9;5;5,74;7,22;62,1;49,5;0;0;;;;0;0;;;;;;;;;;;;;0;3;3;0;0;0;0;0;3,77;3,77;0;0;0;0;0;0;0;0;0;0;0;0;0;2;2;0;0;0;2,51;2,51;0;0;0;3;0;2;0;1;3,77;0;2,51;0;1,26;0;0;0;0;0;0;0;0;0;0;0;0;0;0;1;1,26;3;0;3;3,77;0;3,77;8;0;0;0;1;3;4;10,05;0;0;0;1,26;3,77;5,03;3;0;1;2;0;0;3,77;0;1,26;2,51;0;0;3;0;3;3,77;0;3,77
Offense;;Overtime;194;Period;16.11.2022 22:09:28;16.11.2022;16.11.2022;22:09:28;21:09:28;16.11.2022 21:09:28;16.11.2022 22:07:19;16.11.2022;16.11.2022;22:07:19;21:07:19;16.11.2022 21:07:19;65;4;18;8;12;5;19;279;15;79;34;51;20;80;129;F;16,76;27,26;55;14;14;2;5;2;2;1;3;2,29;0,38;0,46;0,25;0,34;0,42;0,28;0,16;9,88;1,68;3,74;2;3;1;1;1;2;4;4,06;-3,87;0;0;33;143;38;163;6;9,88;1,64;2,67;2,42;3,15;42,64;7,06;11,51;10,46;13,6;3,18;0,97;0,15;0,85;1,21;13,73;4,19;0,65;3,66;5,23;56,37;;;13,06;0;0;494,56;1639,1;5,89;19,51;3;1;5;4;1;1,64;7,09;54,6;12,7;0;0;;;;0;0;;;;;;;;;;;;;0;1;0;1;0;0;0;0;4,32;0;4,32;0;0;0;0;0;0;0;0;0;0;0;0;1;1;0;0;0;4,32;4,32;0;0;0;1;0;0;0;1;4,32;0;0;0;4,32;0;0;0;0;0;0;0;0;0;0;0;0;0;0;1;4,32;1;1;0;4,32;4,32;0;2;0;0;1;0;0;1;8,63;0;0;4,32;0;0;4,32;1;0;1;0;0;0;4,32;0;4,32;0;0;0;0;0;0;0;0;0
Offense;;Overtime;194;Period;16.11.2022 22:09:28;16.11.2022;16.11.2022;22:09:28;21:09:28;16.11.2022 21:09:28;16.11.2022 22:07:19;16.11.2022;16.11.2022;22:07:19;21:07:19;16.11.2022 21:07:19;0;;;;;;;;;;;;;;129;F;;;0;0;0;;;;;;;0;;;;;;;;;;;;;;;;;;;;0;0;0;;0;;0;0;0;0;0;0;;;;;;0;0;0;0;0;;;;;;;;;0;0;0;;;;;;;;;;0;;;0;0;0;;;;0;0;;;;;;;;;;;;;0;0;0;0;0;0;0;0;0;0;0;0;0;0;0;0;0;0;0;0;0;0;0;0;0;0;0;0;0;0;0;0;0;0;0;0;0;0;0;0;0;0;0;0;0;0;0;0;0;0;0;0;0;0;0;0;0;0;0;0;0;0;0;0;0;0;0;0;0;0;0;0;0;0;0;0;0;0;0;0;0;0;0;0;0;0;0;0;0;0;0;0;0;0;0;0;0
Offense;;Overtime;194;Period;16.11.2022 22:09:28;16.11.2022;16.11.2022;22:09:28;21:09:28;16.11.2022 21:09:28;16.11.2022 22:07:19;16.11.2022;16.11.2022;22:07:19;21:07:19;16.11.2022 21:07:19;0;;;;;;;;;;;;;;129;F;;;0;0;0;;;;;;;0;;;;;;;;;;;;;;;;;;;;0;0;0;;0;;0;0;0;0;0;0;;;;;;0;0;0;0;0;;;;;;;;;0;0;0;;;;;;;;;;0;;;0;0;0;;;;0;0;;;;;;;;;;;;;0;0;0;0;0;0;0;0;0;0;0;0;0;0;0;0;0;0;0;0;0;0;0;0;0;0;0;0;0;0;0;0;0;0;0;0;0;0;0;0;0;0;0;0;0;0;0;0;0;0;0;0;0;0;0;0;0;0;0;0;0;0;0;0;0;0;0;0;0;0;0;0;0;0;0;0;0;0;0;0;0;0;0;0;0;0;0;0;0;0;0;0;0;0;0;0;0
